datetime,open,high,low,close,volume
2025-09-18,42.291,42.502,41.714,42.031,432700
2025-09-19,41.821,44.319,41.51,43.909,361061
2025-09-22,43.998,45.74,43.69,45.526,602717
2025-09-23,45.523,45.649,44.918,45.23,209747
2025-09-24,45.014,45.267,44.567,44.965,1240769
2025-09-25,45.184,45.489,44.066,44.332,929422
2025-09-26,44.394,44.726,44.093,44.677,1436836
2025-09-29,44.469,44.475,44.28,44.363,831076
2025-09-30,44.47,44.976,44.254,44.845,1515972
2025-10-01,44.767,45.023,42.865,42.872,1753315
2025-10-02,42.546,44.523,42.239,44.282,790884
2025-10-03,44.16,44.455,43.792,44.222,226218
2025-10-06,44.268,45.2,44.166,45.065,1517404
2025-10-07,45.18,45.339,44.805,45.246,480971
2025-10-08,45.276,45.464,44.686,45.306,304933
2025-10-09,45.315,46.601,44.82,46.301,1882181
2025-10-10,46.388,48.124,46.124,47.735,1889121
2025-10-13,47.695,48.256,47.657,48.095,136116
2025-10-14,48.321,48.472,48.13,48.429,1959657
2025-10-15,48.458,49.931,47.847,49.53,592396
2025-10-16,49.588,49.747,48.678,48.759,1683809
2025-10-17,48.864,49.161,46.723,47.101,849082
2025-10-20,46.902,47.519,46.529,47.207,1813771
2025-10-21,47.073,47.377,45.783,45.977,101112
2025-10-22,46.258,46.27,43.263,43.354,1306172
2025-10-23,43.412,43.468,41.573,41.717,645690
2025-10-24,41.669,41.939,40.156,40.325,1981005
2025-10-27,40.38,40.471,38.236,38.297,1245564
2025-10-28,38.223,38.301,35.917,36.122,1605190
2025-10-29,36.162,36.449,35.134,35.277,1269023
2025-10-30,35.183,35.279,35.158,35.201,154217
2025-10-31,35.24,35.369,34.146,34.389,1256624
2025-11-03,34.172,34.174,33.19,33.373,837986
2025-11-04,33.551,33.671,32.816,33.37,1336578
2025-11-05,33.301,33.881,33.206,33.784,432857
2025-11-06,33.57,33.639,33.137,33.608,1267495
2025-11-07,33.578,34.316,33.483,34.202,1654738
2025-11-10,34.151,35.641,34.111,35.303,165670
2025-11-11,35.324,35.705,35.137,35.522,878487
2025-11-12,35.359,35.394,35.189,35.295,1344088
2025-11-13,35.351,36.161,35.254,35.961,410558
2025-11-14,36.482,36.794,36.369,36.5,1209215
2025-11-17,36.313,37.929,36.297,37.656,300886
2025-11-18,37.707,37.915,36.71,36.755,513726
2025-11-19,36.709,36.748,36.115,36.255,298056
2025-11-20,36.283,36.505,35.279,35.518,897101
2025-11-21,35.26,35.31,34.006,34.034,1374976
2025-11-24,33.878,34.268,33.681,33.923,551583
2025-11-25,33.985,34.125,33.853,34.095,1784030
2025-11-26,34.09,34.35,33.252,33.351,1749194
2025-11-27,33.569,34.309,33.467,34.25,1420563
2025-11-28,34.154,35.08,33.624,34.846,629714
2025-12-01,34.87,35.493,34.816,35.439,1690285
2025-12-02,35.852,36.237,35.628,36.025,409511
2025-12-03,35.915,37.416,35.493,37.245,416369
2025-12-04,37.11,37.367,36.77,36.782,1613600
2025-12-05,36.777,38.365,36.718,38.063,1488809
2025-12-08,38.057,39.636,37.818,39.499,1546157
2025-12-09,39.632,40.113,38.582,38.977,874774
2025-12-10,38.997,40.5,38.924,40.31,1719128
2025-12-11,40.188,41.485,40.101,41.102,655403
2025-12-12,41.137,42.971,41.115,42.768,1386987
2025-12-15,43.219,43.475,42.85,43.162,857615
2025-12-16,43.382,44.232,43.091,43.76,891996
2025-12-17,43.273,44.55,43.207,44.483,1024141
2025-12-18,44.458,44.901,43.326,43.778,1003477
2025-12-19,43.624,44.393,43.587,44.265,1310436
2025-12-22,44.375,44.851,43.403,43.857,1154869
2025-12-23,43.827,44.548,43.563,43.855,1733724
2025-12-24,44.194,44.299,42.759,42.765,1232395
2025-12-25,42.924,43.73,42.688,43.138,1990516
2025-12-26,43.292,43.446,42.771,43.049,1895878
2025-12-29,43.081,43.296,41.9,42.271,1848225
2025-12-30,42.265,42.372,42.196,42.344,604284
2025-12-31,42.402,43.215,42.258,43.132,1726603
2026-01-01,43.355,44.764,42.973,44.599,1559995
2026-01-02,44.694,45.135,42.732,42.971,1390963
2026-01-05,42.911,44.161,42.849,43.836,132154
2026-01-06,44.06,44.566,44.037,44.416,1274738
2026-01-07,44.45,44.611,44.437,44.519,461448
2026-01-08,44.505,44.886,43.449,43.751,489326
2026-01-09,43.612,45.591,43.443,45.154,1894334
2026-01-12,45.051,45.578,43.863,44.003,1121742
2026-01-13,43.891,44.766,43.869,44.511,577050
2026-01-14,44.014,46.067,43.948,45.591,1182728
2026-01-15,45.777,45.792,43.567,43.633,1071004
2026-01-16,43.732,43.774,42.242,42.792,637471
2026-01-19,42.756,43.141,40.739,40.897,1841323
2026-01-20,41.068,41.124,40.262,40.326,1675435
2026-01-21,40.396,40.89,40.327,40.811,1343685
2026-01-22,40.872,42.121,40.72,41.741,1702241
2026-01-23,41.328,41.648,39.189,39.298,1028068
2026-01-26,39.261,39.472,37.974,38.073,1756661
2026-01-27,38.154,38.475,37.845,38.072,1433463
2026-01-28,38.317,39.355,37.973,38.988,1308854
2026-01-29,39.275,39.54,39.124,39.129,1958901
2026-01-30,39.352,39.571,38.211,38.493,141281
2026-02-02,38.314,39.003,38.258,38.968,1888282
2026-02-03,38.626,39.637,38.354,39.383,893173
2026-02-04,39.473,39.86,39.249,39.816,444393
2026-02-05,39.821,40.227,39.809,39.92,239715
2026-02-06,40.074,41.511,39.735,41.109,366065
2026-02-09,41.088,42.545,40.943,42.287,599530
2026-02-10,42.324,43.117,42.245,43.086,647104
2026-02-11,42.827,43.741,42.463,43.691,1445904
2026-02-12,43.77,44.086,42.914,43.155,375734
2026-02-13,43.078,43.595,42.541,43.226,401387
2026-02-16,43.287,44.776,43.18,44.767,1551705
2026-02-17,44.849,44.905,44.719,44.79,531977
2026-02-18,44.769,44.911,43.129,43.455,1684173
2026-02-19,43.51,44.826,42.948,44.7,1089067
2026-02-20,44.697,45.231,44.344,45.106,367349
2026-02-23,45.243,47.174,44.567,47.107,689408
2026-02-24,47.201,47.307,46.624,47.07,239019
2026-02-25,46.967,47.099,46.344,46.582,1143639
2026-02-26,46.472,46.501,45.131,45.235,715120
2026-02-27,45.55,47.029,44.883,46.845,669704
2026-03-02,46.826,50.047,46.799,50.039,1405150
2026-03-03,50.238,50.347,49.643,49.78,689909
2026-03-04,49.858,50.536,49.812,49.857,1563427
2026-03-05,49.745,51.576,49.34,51.425,492723
2026-03-06,51.271,51.545,51.121,51.45,975318
2026-03-09,51.475,52.552,51.446,52.094,631875
2026-03-10,52.148,53.219,52.04,52.563,1314200
2026-03-11,52.692,54.069,52.574,53.509,1766643
2026-03-12,53.238,55.729,52.904,55.334,1843333
2026-03-13,55.202,55.644,54.762,55.606,1724264
2026-03-16,55.585,57.507,55.251,56.678,1772418
2026-03-17,57.041,57.174,55.475,55.777,1225514
2026-03-18,55.25,55.905,54.727,55.503,323655
2026-03-19,55.6,55.674,51.949,52.069,1320767
2026-03-20,51.957,52.725,49.174,49.412,1455143
2026-03-23,49.498,50.185,49.132,49.149,1199177
2026-03-24,49.052,49.352,47.192,47.372,1575517
2026-03-25,47.442,47.494,46.263,46.873,940022
2026-03-26,47.166,47.534,46.118,46.425,1823851
2026-03-27,46.491,47.231,46.467,46.916,1897622
2026-03-30,46.997,47.498,46.817,47.063,894424
2026-03-31,47.133,47.954,46.722,47.63,1466998
2026-04-01,47.487,47.901,46.634,47.232,396492
2026-04-02,47.334,47.552,46.19,46.429,1164924
2026-04-03,46.39,46.699,45.714,45.768,1000189
2026-04-06,45.62,45.851,45.309,45.478,1389274
2026-04-07,45.471,45.77,44.411,44.623,803457
2026-04-08,44.583,44.813,44.132,44.363,296231
2026-04-09,44.497,44.829,44.235,44.509,848067
2026-04-10,44.502,45.129,44.3,44.911,1748633
2026-04-13,44.816,44.841,44.366,44.613,1625244
2026-04-14,44.872,44.989,42.64,42.664,1755463
2026-04-15,42.833,43.063,42.314,42.36,1338557
2026-04-16,42.575,42.636,41.852,42.209,1022095
2026-04-17,42.312,43.249,42.084,42.763,1392265
2026-04-20,42.744,42.857,42.718,42.786,1594407
2026-04-21,42.714,42.816,41.547,41.665,1340119
2026-04-22,41.618,41.787,40.196,40.545,277086
2026-04-23,40.698,42.316,40.508,42.0,369190
2026-04-24,42.019,42.909,41.799,42.473,924579
2026-04-27,42.221,44.257,41.913,44.175,210884
2026-04-28,44.168,46.801,43.974,46.483,774968
2026-04-29,46.22,46.604,45.741,46.087,850602
2026-04-30,46.117,47.635,46.014,47.164,1468676
2026-05-01,46.937,48.624,46.65,48.57,1714474
2026-05-04,48.324,50.586,48.106,50.317,1051455
2026-05-05,50.341,52.245,50.325,52.24,1332521
2026-05-06,52.223,54.118,52.094,53.894,1460477
2026-05-07,53.536,55.654,53.068,55.55,1603573
2026-05-08,55.716,56.237,54.653,55.087,915704
2026-05-11,55.564,56.222,55.26,56.09,1282690
2026-05-12,55.758,56.206,55.7,56.157,409857
2026-05-13,56.565,57.163,56.25,57.045,1590237
2026-05-14,56.888,56.929,56.703,56.909,1375984
2026-05-15,56.797,58.154,56.746,57.862,1992712
2026-05-18,57.82,59.14,57.344,58.829,1819040
2026-05-19,58.489,59.063,58.311,58.933,1455262
2026-05-20,59.239,59.276,58.634,58.896,163093
2026-05-21,59.012,59.867,58.045,58.494,1737205
2026-05-22,58.318,58.466,57.32,57.403,1200564
2026-05-25,57.34,57.404,56.541,56.747,1948447
2026-05-26,56.403,57.097,55.3,55.806,673723
2026-05-27,55.728,56.116,55.726,56.112,1507142
2026-05-28,56.323,56.693,55.818,56.132,359919
2026-05-29,55.747,57.264,55.426,57.033,1644669
2026-06-01,56.933,57.241,55.078,55.713,924232
2026-06-02,55.746,57.426,55.025,57.255,249304
2026-06-03,57.495,57.608,56.748,56.796,1087813
2026-06-04,57.102,57.146,56.279,56.364,169137
2026-06-05,56.26,56.776,55.883,56.518,1000489
2026-06-08,56.35,56.537,56.033,56.07,1854463
2026-06-09,56.171,56.678,55.995,56.477,687387
2026-06-10,56.395,56.789,55.12,55.57,551657
2026-06-11,55.501,55.741,53.759,53.826,1243620
2026-06-12,54.059,54.244,52.016,52.143,680123
2026-06-15,52.495,53.379,52.335,52.734,417211
2026-06-16,52.79,52.966,51.616,51.675,356929
2026-06-17,51.635,52.097,48.771,49.177,491055
2026-06-18,49.29,49.679,47.435,47.965,1305629
2026-06-19,47.603,47.647,44.935,45.208,623857
2026-06-22,45.204,46.329,45.002,45.937,156405
2026-06-23,45.742,45.867,43.412,43.526,1880137
2026-06-24,43.942,44.119,43.169,43.276,1618271
2026-06-25,43.401,43.653,42.78,43.303,488371
2026-06-26,43.327,43.346,41.024,41.694,666929
2026-06-29,41.662,42.253,41.508,41.95,295018
2026-06-30,41.528,43.437,41.447,43.078,1513357
2026-07-01,43.201,44.194,43.046,43.916,1279958
2026-07-02,44.202,45.102,44.107,44.718,1830340
2026-07-03,44.588,46.378,44.544,46.329,153795
2026-07-06,46.456,47.373,46.127,47.213,1411582
2026-07-07,47.349,48.371,47.101,48.278,389367
2026-07-08,47.979,49.339,47.937,48.79,906652
2026-07-09,48.972,50.306,48.95,50.011,1646428
2026-07-10,50.282,50.822,49.345,49.366,1287293
2026-07-13,49.411,50.481,48.738,50.455,1998799
2026-07-14,50.443,50.485,49.882,49.959,1725032
2026-07-15,50.117,50.169,48.669,48.705,952597
2026-07-16,48.405,49.088,48.116,48.937,1451402
2026-07-17,48.955,51.03,48.851,50.588,1900662
2026-07-20,50.801,51.744,50.64,51.478,579287
2026-07-21,51.222,51.511,50.614,50.788,1937424
2026-07-22,50.989,51.712,50.942,51.598,114479
2026-07-23,51.511,51.698,51.165,51.287,1045736
2026-07-24,50.86,51.784,50.843,51.559,1771541
2026-07-27,51.537,52.532,50.956,52.298,1161036
2026-07-28,52.095,52.215,49.526,50.518,1284440
2026-07-29,50.583,51.959,49.882,51.749,1073567
2026-07-30,51.507,52.033,51.25,51.739,220646
2026-07-31,51.957,52.329,51.939,52.182,502156
2026-08-03,52.028,52.329,51.199,51.738,1146815
2026-08-04,51.812,51.851,50.788,51.18,871057
2026-08-05,51.058,51.199,50.643,51.128,1219132
2026-08-06,51.062,52.995,50.207,52.891,1465840
2026-08-07,53.143,55.549,53.04,55.463,657385
2026-08-10,55.511,55.8,55.222,55.727,486621
2026-08-11,55.639,57.689,55.591,57.058,1783456
2026-08-12,56.773,57.322,56.138,56.393,1240039
2026-08-13,56.655,56.922,53.446,53.488,555535
2026-08-14,53.645,53.828,52.118,52.878,1147568
2026-08-17,52.808,53.233,52.146,52.47,373298
2026-08-18,52.521,52.591,50.584,51.001,1490458
2026-08-19,50.791,50.803,50.291,50.374,687720
2026-08-20,50.17,50.345,49.685,50.115,1995049
2026-08-21,49.949,50.417,48.404,48.42,742934
2026-08-24,48.489,48.543,46.011,46.303,1699827
2026-08-25,46.358,46.69,45.539,45.684,1779738
2026-08-26,45.548,45.794,44.931,45.253,377471
2026-08-27,45.386,45.757,44.463,44.84,1348423
2026-08-28,44.98,46.198,44.557,45.888,757357
2026-08-31,45.92,48.031,45.497,47.82,331682
2026-09-01,48.019,48.164,47.452,47.577,1091595
2026-09-02,47.522,48.493,47.193,48.493,847968
2026-09-03,48.471,49.82,48.131,49.614,839148
2026-09-04,49.708,50.607,49.641,50.382,295240
2026-09-07,50.375,51.691,50.199,51.373,766630
2026-09-08,51.537,52.114,50.415,50.57,1440877
2026-09-09,50.316,51.211,49.883,50.844,708132
2026-09-10,51.133,52.748,51.074,52.41,1724402
2026-09-11,52.246,52.904,52.24,52.455,813077
2026-09-14,52.42,52.517,50.773,50.8,277643
2026-09-15,50.521,50.729,50.513,50.527,1663374
2026-09-16,50.649,51.645,50.587,51.036,1049790
2026-09-17,51.296,52.06,50.486,50.667,409197
2026-09-18,50.884,51.139,49.42,49.457,564771
