ym,AAA,BAA,baa_aaa
1919-01,5.35,7.12,1.7700000000000005
1919-02,5.35,7.2,1.8500000000000005
1919-03,5.39,7.15,1.7600000000000007
1919-04,5.44,7.23,1.79
1919-05,5.39,7.09,1.7000000000000002
1919-06,5.4,7.04,1.6399999999999997
1919-07,5.44,7.06,1.6199999999999992
1919-08,5.56,7.13,1.5700000000000003
1919-09,5.6,7.27,1.67
1919-10,5.54,7.34,1.7999999999999998
1919-11,5.66,7.54,1.88
1919-12,5.73,7.77,2.039999999999999
1920-01,5.75,7.78,2.0300000000000002
1920-02,5.86,7.94,2.08
1920-03,5.92,7.97,2.05
1920-04,6.04,8.17,2.13
1920-05,6.25,8.39,2.1400000000000006
1920-06,6.38,8.39,2.0100000000000007
1920-07,6.34,8.52,2.1799999999999997
1920-08,6.3,8.39,2.0900000000000007
1920-09,6.22,8.14,1.9200000000000008
1920-10,6.05,7.99,1.9400000000000004
1920-11,6.08,8.21,2.130000000000001
1920-12,6.26,8.56,2.3000000000000007
1921-01,6.14,8.5,2.3600000000000003
1921-02,6.08,8.42,2.34
1921-03,6.08,8.55,2.4700000000000006
1921-04,6.06,8.53,2.4699999999999998
1921-05,6.11,8.52,2.4099999999999993
1921-06,6.18,8.56,2.380000000000001
1921-07,6.12,8.48,2.3600000000000003
1921-08,5.99,8.51,2.5199999999999996
1921-09,5.93,8.34,2.41
1921-10,5.84,8.34,2.5
1921-11,5.6,7.88,2.2800000000000002
1921-12,5.5,7.61,2.1100000000000003
1922-01,5.34,7.7,2.3600000000000003
1922-02,5.29,7.55,2.26
1922-03,5.23,7.45,2.2199999999999998
1922-04,5.15,7.14,1.9899999999999993
1922-05,5.13,6.89,1.7599999999999998
1922-06,5.08,6.97,1.8899999999999997
1922-07,5.0,6.89,1.8899999999999997
1922-08,4.96,6.85,1.8899999999999997
1922-09,4.93,6.75,1.8200000000000003
1922-10,4.97,6.78,1.8100000000000005
1922-11,5.09,6.98,1.8900000000000006
1922-12,5.08,7.02,1.9399999999999995
1923-01,5.04,6.98,1.9400000000000004
1923-02,5.07,6.97,1.8999999999999995
1923-03,5.13,7.09,1.96
1923-04,5.22,7.17,1.9500000000000002
1923-05,5.16,7.17,2.01
1923-06,5.15,7.21,2.0599999999999996
1923-07,5.14,7.34,2.2
1923-08,5.08,7.38,2.3
1923-09,5.12,7.38,2.26
1923-10,5.11,7.46,2.3499999999999996
1923-11,5.09,7.4,2.3100000000000005
1923-12,5.09,7.38,2.29
1924-01,5.09,7.24,2.1500000000000004
1924-02,5.09,7.14,2.05
1924-03,5.1,7.08,1.9800000000000004
1924-04,5.08,7.03,1.9500000000000002
1924-05,5.04,6.97,1.9299999999999997
1924-06,4.99,6.82,1.83
1924-07,4.95,6.67,1.7199999999999998
1924-08,4.95,6.69,1.7400000000000002
1924-09,4.95,6.73,1.7800000000000002
1924-10,4.92,6.62,1.7000000000000002
1924-11,4.94,6.54,1.5999999999999996
1924-12,4.95,6.46,1.5099999999999998
1925-01,4.95,6.44,1.4900000000000002
1925-02,4.95,6.36,1.4100000000000001
1925-03,4.91,6.36,1.4500000000000002
1925-04,4.87,6.41,1.54
1925-05,4.83,6.3,1.4699999999999998
1925-06,4.83,6.18,1.3499999999999996
1925-07,4.87,6.2,1.33
1925-08,4.9,6.24,1.3399999999999999
1925-09,4.87,6.2,1.33
1925-10,4.85,6.17,1.3200000000000003
1925-11,4.84,6.17,1.33
1925-12,4.85,6.15,1.3000000000000007
1926-01,4.82,6.09,1.2699999999999996
1926-02,4.77,6.02,1.25
1926-03,4.79,6.05,1.2599999999999998
1926-04,4.74,5.98,1.2400000000000002
1926-05,4.71,5.86,1.1500000000000004
1926-06,4.72,5.8,1.08
1926-07,4.71,5.79,1.08
1926-08,4.72,5.81,1.0899999999999999
1926-09,4.72,5.79,1.0700000000000003
1926-10,4.71,5.81,1.0999999999999996
1926-11,4.68,5.77,1.0899999999999999
1926-12,4.68,5.68,1.0
1927-01,4.66,5.61,0.9500000000000002
1927-02,4.67,5.59,0.9199999999999999
1927-03,4.62,5.54,0.9199999999999999
1927-04,4.58,5.48,0.9000000000000004
1927-05,4.57,5.5,0.9299999999999997
1927-06,4.58,5.55,0.9699999999999998
1927-07,4.6,5.55,0.9500000000000002
1927-08,4.56,5.48,0.9200000000000008
1927-09,4.54,5.42,0.8799999999999999
1927-10,4.51,5.38,0.8700000000000001
1927-11,4.49,5.35,0.8599999999999994
1927-12,4.46,5.32,0.8600000000000003
1928-01,4.46,5.35,0.8899999999999997
1928-02,4.46,5.33,0.8700000000000001
1928-03,4.46,5.32,0.8600000000000003
1928-04,4.46,5.33,0.8700000000000001
1928-05,4.49,5.42,0.9299999999999997
1928-06,4.57,5.55,0.9799999999999995
1928-07,4.61,5.58,0.9699999999999998
1928-08,4.64,5.61,0.9700000000000006
1928-09,4.61,5.59,0.9799999999999995
1928-10,4.61,5.58,0.9699999999999998
1928-11,4.58,5.55,0.9699999999999998
1928-12,4.61,5.6,0.9899999999999993
1929-01,4.62,5.63,1.0099999999999998
1929-02,4.66,5.66,1.0
1929-03,4.7,5.79,1.0899999999999999
1929-04,4.69,5.8,1.1099999999999994
1929-05,4.7,5.8,1.0999999999999996
1929-06,4.77,5.94,1.1700000000000008
1929-07,4.77,5.95,1.1800000000000006
1929-08,4.79,6.04,1.25
1929-09,4.8,6.12,1.3200000000000003
1929-10,4.77,6.11,1.3400000000000007
1929-11,4.76,6.03,1.2700000000000005
1929-12,4.67,5.95,1.2800000000000002
1930-01,4.66,5.92,1.2599999999999998
1930-02,4.69,5.89,1.1999999999999993
1930-03,4.62,5.73,1.1100000000000003
1930-04,4.6,5.7,1.1000000000000005
1930-05,4.6,5.72,1.12
1930-06,4.57,5.78,1.21
1930-07,4.52,5.77,1.25
1930-08,4.47,5.73,1.2600000000000007
1930-09,4.42,5.65,1.2300000000000004
1930-10,4.42,5.94,1.5200000000000005
1930-11,4.47,6.25,1.7800000000000002
1930-12,4.52,6.71,2.1900000000000004
1931-01,4.42,6.41,1.9900000000000002
1931-02,4.43,6.38,1.9500000000000002
1931-03,4.39,6.44,2.0500000000000007
1931-04,4.4,6.72,2.3199999999999994
1931-05,4.37,7.15,2.7800000000000002
1931-06,4.36,7.36,3.0
1931-07,4.36,7.08,2.7199999999999998
1931-08,4.4,7.47,3.0699999999999994
1931-09,4.55,8.07,3.5200000000000005
1931-10,4.99,9.04,4.049999999999999
1931-11,4.94,8.93,3.9899999999999993
1931-12,5.32,10.42,5.1
1932-01,5.2,9.13,3.9300000000000006
1932-02,5.23,8.87,3.639999999999999
1932-03,4.98,8.83,3.8499999999999996
1932-04,5.17,10.46,5.290000000000001
1932-05,5.36,11.0,5.64
1932-06,5.41,11.0,5.59
1932-07,5.26,10.79,5.529999999999999
1932-08,4.91,8.22,3.3100000000000005
1932-09,4.7,7.61,2.91
1932-10,4.64,7.87,3.2300000000000004
1932-11,4.63,8.24,3.6100000000000003
1932-12,4.59,8.42,3.83
1933-01,4.44,8.01,3.5699999999999994
1933-02,4.48,8.37,3.889999999999999
1933-03,4.68,8.91,4.23
1933-04,4.78,9.12,4.339999999999999
1933-05,4.63,7.74,3.1100000000000003
1933-06,4.46,7.07,2.6100000000000003
1933-07,4.36,6.62,2.26
1933-08,4.3,6.77,2.4699999999999998
1933-09,4.36,7.27,2.9099999999999993
1933-10,4.34,7.49,3.1500000000000004
1933-11,4.54,7.98,3.4400000000000004
1933-12,4.5,7.75,3.25
1934-01,4.35,7.01,2.66
1934-02,4.2,6.27,2.0699999999999994
1934-03,4.13,6.26,2.13
1934-04,4.07,6.01,1.9399999999999995
1934-05,4.01,6.05,2.04
1934-06,3.93,6.06,2.1299999999999994
1934-07,3.89,6.13,2.2399999999999998
1934-08,3.93,6.49,2.56
1934-09,3.96,6.57,2.6100000000000003
1934-10,3.9,6.4,2.5000000000000004
1934-11,3.86,6.37,2.5100000000000002
1934-12,3.81,6.23,2.4200000000000004
1935-01,3.77,5.98,2.2100000000000004
1935-02,3.69,5.95,2.2600000000000002
1935-03,3.67,6.2,2.5300000000000002
1935-04,3.66,6.13,2.4699999999999998
1935-05,3.65,5.94,2.2900000000000005
1935-06,3.61,5.77,2.1599999999999997
1935-07,3.56,5.67,2.11
1935-08,3.6,5.58,1.98
1935-09,3.59,5.53,1.9400000000000004
1935-10,3.52,5.54,2.02
1935-11,3.47,5.43,1.9599999999999995
1935-12,3.44,5.3,1.8599999999999999
1936-01,3.37,5.0,1.63
1936-02,3.32,4.8,1.48
1936-03,3.29,4.86,1.5700000000000003
1936-04,3.29,4.91,1.62
1936-05,3.27,4.94,1.6700000000000004
1936-06,3.24,4.9,1.6600000000000001
1936-07,3.23,4.84,1.6099999999999999
1936-08,3.21,4.74,1.5300000000000002
1936-09,3.18,4.62,1.44
1936-10,3.18,4.54,1.3599999999999999
1936-11,3.15,4.52,1.3699999999999997
1936-12,3.1,4.53,1.4300000000000002
1937-01,3.1,4.49,1.3900000000000001
1937-02,3.22,4.53,1.31
1937-03,3.32,4.68,1.3599999999999999
1937-04,3.42,4.84,1.42
1937-05,3.33,4.84,1.5099999999999998
1937-06,3.28,4.93,1.65
1937-07,3.25,4.91,1.6600000000000001
1937-08,3.24,4.92,1.6799999999999997
1937-09,3.28,5.16,1.8800000000000003
1937-10,3.27,5.52,2.2499999999999996
1937-11,3.24,5.82,2.58
1937-12,3.21,5.73,2.5200000000000005
1938-01,3.17,5.89,2.7199999999999998
1938-02,3.2,5.97,2.7699999999999996
1938-03,3.22,6.3,3.0799999999999996
1938-04,3.3,6.47,3.17
1938-05,3.22,6.06,2.8399999999999994
1938-06,3.26,6.25,2.99
1938-07,3.22,5.63,2.4099999999999997
1938-08,3.18,5.49,2.31
1938-09,3.21,5.65,2.4400000000000004
1938-10,3.15,5.36,2.2100000000000004
1938-11,3.1,5.23,2.1300000000000003
1938-12,3.08,5.27,2.1899999999999995
1939-01,3.01,5.12,2.1100000000000003
1939-02,3.0,5.05,2.05
1939-03,2.99,4.89,1.8999999999999995
1939-04,3.02,5.15,2.1300000000000003
1939-05,2.97,5.07,2.1
1939-06,2.92,4.91,1.9900000000000002
1939-07,2.89,4.84,1.9499999999999997
1939-08,2.93,4.85,1.9199999999999995
1939-09,3.25,5.0,1.75
1939-10,3.15,4.88,1.73
1939-11,3.0,4.85,1.8499999999999996
1939-12,2.94,4.92,1.98
1940-01,2.88,4.86,1.9800000000000004
1940-02,2.86,4.83,1.9700000000000002
1940-03,2.84,4.8,1.96
1940-04,2.82,4.74,1.9200000000000004
1940-05,2.93,4.94,2.0100000000000002
1940-06,2.96,5.11,2.1500000000000004
1940-07,2.88,4.8,1.92
1940-08,2.85,4.76,1.9099999999999997
1940-09,2.82,4.66,1.8400000000000003
1940-10,2.79,4.56,1.7699999999999996
1940-11,2.75,4.48,1.7300000000000004
1940-12,2.71,4.45,1.7400000000000002
1941-01,2.75,4.38,1.63
1941-02,2.78,4.42,1.6400000000000001
1941-03,2.8,4.38,1.58
1941-04,2.82,4.33,1.5100000000000002
1941-05,2.81,4.32,1.5100000000000002
1941-06,2.77,4.31,1.5399999999999996
1941-07,2.74,4.28,1.54
1941-08,2.74,4.27,1.5299999999999994
1941-09,2.75,4.3,1.5499999999999998
1941-10,2.73,4.28,1.5500000000000003
1941-11,2.72,4.28,1.56
1941-12,2.8,4.38,1.58
1942-01,2.83,4.29,1.46
1942-02,2.85,4.29,1.44
1942-03,2.86,4.3,1.44
1942-04,2.83,4.26,1.4299999999999997
1942-05,2.85,4.27,1.4199999999999995
1942-06,2.85,4.33,1.48
1942-07,2.83,4.3,1.4699999999999998
1942-08,2.81,4.28,1.4700000000000002
1942-09,2.8,4.26,1.46
1942-10,2.8,4.24,1.4400000000000004
1942-11,2.79,4.25,1.46
1942-12,2.81,4.28,1.4700000000000002
1943-01,2.79,4.16,1.37
1943-02,2.77,4.08,1.31
1943-03,2.76,4.01,1.25
1943-04,2.76,3.96,1.2000000000000002
1943-05,2.74,3.91,1.17
1943-06,2.72,3.88,1.1599999999999997
1943-07,2.69,3.81,1.12
1943-08,2.69,3.81,1.12
1943-09,2.69,3.83,1.1400000000000001
1943-10,2.7,3.82,1.1199999999999997
1943-11,2.71,3.83,1.12
1943-12,2.74,3.82,1.0799999999999996
1944-01,2.72,3.76,1.0399999999999996
1944-02,2.74,3.72,0.98
1944-03,2.74,3.7,0.96
1944-04,2.74,3.68,0.94
1944-05,2.73,3.63,0.8999999999999999
1944-06,2.73,3.59,0.8599999999999999
1944-07,2.72,3.57,0.8499999999999996
1944-08,2.71,3.55,0.8399999999999999
1944-09,2.72,3.56,0.8399999999999999
1944-10,2.72,3.55,0.8299999999999996
1944-11,2.72,3.53,0.8099999999999996
1944-12,2.7,3.49,0.79
1945-01,2.69,3.46,0.77
1945-02,2.65,3.41,0.7600000000000002
1945-03,2.62,3.38,0.7599999999999998
1945-04,2.61,3.36,0.75
1945-05,2.62,3.32,0.6999999999999997
1945-06,2.61,3.29,0.6800000000000002
1945-07,2.6,3.26,0.6599999999999997
1945-08,2.61,3.26,0.6499999999999999
1945-09,2.62,3.24,0.6200000000000001
1945-10,2.62,3.2,0.5800000000000001
1945-11,2.62,3.15,0.5299999999999998
1945-12,2.61,3.1,0.4900000000000002
1946-01,2.54,3.01,0.46999999999999975
1946-02,2.48,2.95,0.4700000000000002
1946-03,2.47,2.94,0.46999999999999975
1946-04,2.46,2.96,0.5
1946-05,2.51,3.02,0.5100000000000002
1946-06,2.49,3.03,0.5399999999999996
1946-07,2.48,3.03,0.5499999999999998
1946-08,2.51,3.03,0.52
1946-09,2.58,3.1,0.52
1946-10,2.6,3.15,0.5499999999999998
1946-11,2.59,3.17,0.5800000000000001
1946-12,2.61,3.17,0.56
1947-01,2.57,3.13,0.56
1947-02,2.55,3.12,0.5700000000000003
1947-03,2.55,3.15,0.6000000000000001
1947-04,2.53,3.16,0.6300000000000003
1947-05,2.53,3.17,0.6400000000000001
1947-06,2.55,3.21,0.6600000000000001
1947-07,2.55,3.18,0.6300000000000003
1947-08,2.56,3.17,0.6099999999999999
1947-09,2.61,3.23,0.6200000000000001
1947-10,2.7,3.35,0.6499999999999999
1947-11,2.77,3.44,0.6699999999999999
1947-12,2.86,3.52,0.6600000000000001
1948-01,2.86,3.52,0.6600000000000001
1948-02,2.85,3.53,0.6799999999999997
1948-03,2.83,3.53,0.6999999999999997
1948-04,2.78,3.47,0.6900000000000004
1948-05,2.76,3.38,0.6200000000000001
1948-06,2.76,3.34,0.5800000000000001
1948-07,2.81,3.37,0.56
1948-08,2.84,3.44,0.6000000000000001
1948-09,2.84,3.45,0.6100000000000003
1948-10,2.84,3.5,0.6600000000000001
1948-11,2.84,3.53,0.69
1948-12,2.79,3.53,0.7399999999999998
1949-01,2.71,3.46,0.75
1949-02,2.71,3.45,0.7400000000000002
1949-03,2.7,3.47,0.77
1949-04,2.7,3.45,0.75
1949-05,2.71,3.45,0.7400000000000002
1949-06,2.71,3.47,0.7600000000000002
1949-07,2.67,3.46,0.79
1949-08,2.62,3.4,0.7799999999999998
1949-09,2.6,3.37,0.77
1949-10,2.61,3.36,0.75
1949-11,2.6,3.35,0.75
1949-12,2.58,3.31,0.73
1950-01,2.57,3.24,0.6700000000000004
1950-02,2.58,3.24,0.6600000000000001
1950-03,2.58,3.24,0.6600000000000001
1950-04,2.6,3.23,0.6299999999999999
1950-05,2.61,3.25,0.6400000000000001
1950-06,2.62,3.28,0.6599999999999997
1950-07,2.65,3.32,0.6699999999999999
1950-08,2.61,3.23,0.6200000000000001
1950-09,2.64,3.21,0.5699999999999998
1950-10,2.67,3.22,0.5500000000000003
1950-11,2.67,3.22,0.5500000000000003
1950-12,2.67,3.2,0.5300000000000002
1951-01,2.66,3.17,0.5099999999999998
1951-02,2.66,3.16,0.5
1951-03,2.78,3.23,0.4500000000000002
1951-04,2.87,3.35,0.48
1951-05,2.89,3.4,0.5099999999999998
1951-06,2.94,3.49,0.5500000000000003
1951-07,2.94,3.53,0.5899999999999999
1951-08,2.88,3.5,0.6200000000000001
1951-09,2.84,3.46,0.6200000000000001
1951-10,2.89,3.5,0.6099999999999999
1951-11,2.96,3.56,0.6000000000000001
1951-12,3.01,3.61,0.6000000000000001
1952-01,2.98,3.59,0.6099999999999999
1952-02,2.93,3.53,0.5999999999999996
1952-03,2.96,3.51,0.5499999999999998
1952-04,2.93,3.5,0.5699999999999998
1952-05,2.93,3.49,0.56
1952-06,2.94,3.5,0.56
1952-07,2.95,3.5,0.5499999999999998
1952-08,2.94,3.51,0.5699999999999998
1952-09,2.95,3.52,0.5699999999999998
1952-10,3.01,3.54,0.5300000000000002
1952-11,2.98,3.53,0.5499999999999998
1952-12,2.97,3.51,0.5399999999999996
1953-01,3.02,3.51,0.48999999999999977
1953-02,3.07,3.53,0.45999999999999996
1953-03,3.12,3.57,0.44999999999999973
1953-04,3.23,3.65,0.41999999999999993
1953-05,3.34,3.78,0.43999999999999995
1953-06,3.4,3.86,0.45999999999999996
1953-07,3.28,3.86,0.5800000000000001
1953-08,3.24,3.85,0.6099999999999999
1953-09,3.29,3.88,0.5899999999999999
1953-10,3.16,3.82,0.6599999999999997
1953-11,3.11,3.75,0.6400000000000001
1953-12,3.13,3.74,0.6100000000000003
1954-01,3.06,3.71,0.6499999999999999
1954-02,2.95,3.61,0.6599999999999997
1954-03,2.86,3.51,0.6499999999999999
1954-04,2.85,3.47,0.6200000000000001
1954-05,2.88,3.47,0.5900000000000003
1954-06,2.9,3.49,0.5900000000000003
1954-07,2.89,3.5,0.6099999999999999
1954-08,2.87,3.49,0.6200000000000001
1954-09,2.89,3.47,0.5800000000000001
1954-10,2.87,3.46,0.5899999999999999
1954-11,2.89,3.45,0.56
1954-12,2.9,3.45,0.5500000000000003
1955-01,2.93,3.45,0.52
1955-02,2.93,3.47,0.54
1955-03,3.02,3.48,0.45999999999999996
1955-04,3.01,3.49,0.4800000000000004
1955-05,3.04,3.5,0.45999999999999996
1955-06,3.05,3.51,0.45999999999999996
1955-07,3.06,3.52,0.45999999999999996
1955-08,3.11,3.56,0.4500000000000002
1955-09,3.13,3.59,0.45999999999999996
1955-10,3.1,3.59,0.48999999999999977
1955-11,3.1,3.58,0.48
1955-12,3.15,3.62,0.4700000000000002
1956-01,3.11,3.6,0.4900000000000002
1956-02,3.08,3.58,0.5
1956-03,3.1,3.6,0.5
1956-04,3.24,3.68,0.43999999999999995
1956-05,3.28,3.73,0.4500000000000002
1956-06,3.26,3.76,0.5
1956-07,3.28,3.8,0.52
1956-08,3.43,3.93,0.5
1956-09,3.56,4.07,0.5100000000000002
1956-10,3.59,4.17,0.5800000000000001
1956-11,3.69,4.24,0.5500000000000003
1956-12,3.75,4.37,0.6200000000000001
1957-01,3.77,4.49,0.7200000000000002
1957-02,3.67,4.47,0.7999999999999998
1957-03,3.66,4.43,0.7699999999999996
1957-04,3.67,4.44,0.7700000000000005
1957-05,3.74,4.52,0.7799999999999994
1957-06,3.91,4.63,0.7199999999999998
1957-07,3.99,4.73,0.7400000000000002
1957-08,4.1,4.82,0.7200000000000006
1957-09,4.12,4.93,0.8099999999999996
1957-10,4.1,4.99,0.8900000000000006
1957-11,4.08,5.09,1.0099999999999998
1957-12,3.81,5.03,1.2200000000000002
1958-01,3.6,4.83,1.23
1958-02,3.59,4.66,1.0700000000000003
1958-03,3.63,4.68,1.0499999999999998
1958-04,3.6,4.67,1.0699999999999998
1958-05,3.57,4.62,1.0500000000000003
1958-06,3.57,4.55,0.98
1958-07,3.67,4.53,0.8600000000000003
1958-08,3.85,4.67,0.8199999999999998
1958-09,4.09,4.87,0.7800000000000002
1958-10,4.11,4.92,0.8099999999999996
1958-11,4.09,4.87,0.7800000000000002
1958-12,4.08,4.85,0.7699999999999996
1959-01,4.12,4.87,0.75
1959-02,4.14,4.89,0.75
1959-03,4.13,4.85,0.7199999999999998
1959-04,4.23,4.86,0.6299999999999999
1959-05,4.37,4.96,0.5899999999999999
1959-06,4.46,5.04,0.5800000000000001
1959-07,4.47,5.08,0.6100000000000003
1959-08,4.43,5.09,0.6600000000000001
1959-09,4.52,5.18,0.6600000000000001
1959-10,4.57,5.28,0.71
1959-11,4.56,5.26,0.7000000000000002
1959-12,4.58,5.28,0.7000000000000002
1960-01,4.61,5.34,0.7299999999999995
1960-02,4.56,5.34,0.7800000000000002
1960-03,4.49,5.25,0.7599999999999998
1960-04,4.45,5.2,0.75
1960-05,4.46,5.28,0.8200000000000003
1960-06,4.45,5.26,0.8099999999999996
1960-07,4.41,5.22,0.8099999999999996
1960-08,4.28,5.08,0.7999999999999998
1960-09,4.25,5.01,0.7599999999999998
1960-10,4.3,5.11,0.8100000000000005
1960-11,4.31,5.08,0.7700000000000005
1960-12,4.35,5.1,0.75
1961-01,4.32,5.1,0.7799999999999994
1961-02,4.27,5.07,0.8000000000000007
1961-03,4.22,5.02,0.7999999999999998
1961-04,4.25,5.01,0.7599999999999998
1961-05,4.27,5.01,0.7400000000000002
1961-06,4.33,5.03,0.7000000000000002
1961-07,4.41,5.09,0.6799999999999997
1961-08,4.45,5.11,0.6600000000000001
1961-09,4.45,5.12,0.6699999999999999
1961-10,4.42,5.13,0.71
1961-11,4.39,5.11,0.7200000000000006
1961-12,4.42,5.1,0.6799999999999997
1962-01,4.42,5.08,0.6600000000000001
1962-02,4.42,5.07,0.6500000000000004
1962-03,4.39,5.04,0.6500000000000004
1962-04,4.33,5.02,0.6899999999999995
1962-05,4.28,5.0,0.7199999999999998
1962-06,4.28,5.02,0.7399999999999993
1962-07,4.34,5.05,0.71
1962-08,4.35,5.06,0.71
1962-09,4.32,5.03,0.71
1962-10,4.28,4.99,0.71
1962-11,4.25,4.96,0.71
1962-12,4.24,4.92,0.6799999999999997
1963-01,4.21,4.91,0.7000000000000002
1963-02,4.19,4.89,0.6999999999999993
1963-03,4.19,4.88,0.6899999999999995
1963-04,4.21,4.87,0.6600000000000001
1963-05,4.22,4.85,0.6299999999999999
1963-06,4.23,4.84,0.6099999999999994
1963-07,4.26,4.84,0.5800000000000001
1963-08,4.29,4.83,0.54
1963-09,4.31,4.84,0.5300000000000002
1963-10,4.32,4.83,0.5099999999999998
1963-11,4.33,4.84,0.5099999999999998
1963-12,4.35,4.85,0.5
1964-01,4.39,4.83,0.4400000000000004
1964-02,4.36,4.83,0.46999999999999975
1964-03,4.38,4.83,0.4500000000000002
1964-04,4.4,4.85,0.4499999999999993
1964-05,4.41,4.85,0.4399999999999995
1964-06,4.41,4.85,0.4399999999999995
1964-07,4.4,4.83,0.4299999999999997
1964-08,4.41,4.82,0.41000000000000014
1964-09,4.42,4.82,0.40000000000000036
1964-10,4.42,4.81,0.3899999999999997
1964-11,4.43,4.81,0.3799999999999999
1964-12,4.44,4.81,0.3699999999999992
1965-01,4.43,4.8,0.3700000000000001
1965-02,4.41,4.78,0.3700000000000001
1965-03,4.42,4.78,0.3600000000000003
1965-04,4.43,4.8,0.3700000000000001
1965-05,4.44,4.81,0.3699999999999992
1965-06,4.46,4.85,0.3899999999999997
1965-07,4.48,4.88,0.39999999999999947
1965-08,4.49,4.88,0.3899999999999997
1965-09,4.52,4.91,0.39000000000000057
1965-10,4.56,4.93,0.3700000000000001
1965-11,4.6,4.95,0.35000000000000053
1965-12,4.68,5.02,0.33999999999999986
1966-01,4.74,5.06,0.3199999999999994
1966-02,4.78,5.12,0.33999999999999986
1966-03,4.92,5.32,0.40000000000000036
1966-04,4.96,5.41,0.4500000000000002
1966-05,4.98,5.48,0.5
1966-06,5.07,5.58,0.5099999999999998
1966-07,5.16,5.68,0.5199999999999996
1966-08,5.31,5.83,0.5200000000000005
1966-09,5.49,6.09,0.5999999999999996
1966-10,5.41,6.1,0.6899999999999995
1966-11,5.35,6.13,0.7800000000000002
1966-12,5.39,6.18,0.79
1967-01,5.2,5.97,0.7699999999999996
1967-02,5.03,5.82,0.79
1967-03,5.13,5.85,0.7199999999999998
1967-04,5.11,5.83,0.7199999999999998
1967-05,5.24,5.96,0.7199999999999998
1967-06,5.44,6.15,0.71
1967-07,5.58,6.26,0.6799999999999997
1967-08,5.62,6.33,0.71
1967-09,5.65,6.4,0.75
1967-10,5.82,6.52,0.6999999999999993
1967-11,6.07,6.72,0.6499999999999995
1967-12,6.19,6.93,0.7399999999999993
1968-01,6.17,6.84,0.6699999999999999
1968-02,6.1,6.8,0.7000000000000002
1968-03,6.11,6.85,0.7399999999999993
1968-04,6.21,6.97,0.7599999999999998
1968-05,6.27,7.03,0.7600000000000007
1968-06,6.28,7.07,0.79
1968-07,6.24,6.98,0.7400000000000002
1968-08,6.02,6.82,0.8000000000000007
1968-09,5.97,6.79,0.8200000000000003
1968-10,6.09,6.84,0.75
1968-11,6.19,7.01,0.8199999999999994
1968-12,6.45,7.23,0.7800000000000002
1969-01,6.59,7.32,0.7300000000000004
1969-02,6.66,7.3,0.6399999999999997
1969-03,6.85,7.51,0.6600000000000001
1969-04,6.89,7.54,0.6500000000000004
1969-05,6.79,7.52,0.7299999999999995
1969-06,6.98,7.7,0.7199999999999998
1969-07,7.08,7.84,0.7599999999999998
1969-08,6.97,7.86,0.8900000000000006
1969-09,7.14,8.05,0.910000000000001
1969-10,7.33,8.22,0.8900000000000006
1969-11,7.35,8.25,0.9000000000000004
1969-12,7.72,8.65,0.9300000000000006
1970-01,7.91,8.86,0.9499999999999993
1970-02,7.93,8.78,0.8499999999999996
1970-03,7.84,8.63,0.7900000000000009
1970-04,7.83,8.7,0.8699999999999992
1970-05,8.11,8.98,0.870000000000001
1970-06,8.48,9.25,0.7699999999999996
1970-07,8.44,9.4,0.9600000000000009
1970-08,8.13,9.44,1.3099999999999987
1970-09,8.09,9.39,1.3000000000000007
1970-10,8.03,9.33,1.3000000000000007
1970-11,8.05,9.38,1.33
1970-12,7.64,9.12,1.4799999999999995
1971-01,7.36,8.74,1.38
1971-02,7.08,8.39,1.3100000000000005
1971-03,7.21,8.46,1.2500000000000009
1971-04,7.25,8.45,1.1999999999999993
1971-05,7.53,8.62,1.089999999999999
1971-06,7.64,8.75,1.1100000000000003
1971-07,7.64,8.76,1.12
1971-08,7.59,8.76,1.17
1971-09,7.44,8.59,1.1499999999999995
1971-10,7.39,8.48,1.0900000000000007
1971-11,7.26,8.38,1.120000000000001
1971-12,7.25,8.38,1.1300000000000008
1972-01,7.19,8.23,1.04
1972-02,7.27,8.23,0.9600000000000009
1972-03,7.24,8.24,1.0
1972-04,7.3,8.24,0.9400000000000004
1972-05,7.3,8.23,0.9300000000000006
1972-06,7.23,8.2,0.9699999999999989
1972-07,7.21,8.23,1.0200000000000005
1972-08,7.19,8.19,0.9999999999999991
1972-09,7.22,8.09,0.8700000000000001
1972-10,7.21,8.06,0.8500000000000005
1972-11,7.12,7.99,0.8700000000000001
1972-12,7.08,7.93,0.8499999999999996
1973-01,7.15,7.9,0.75
1973-02,7.22,7.97,0.75
1973-03,7.29,8.03,0.7399999999999993
1973-04,7.26,8.09,0.8300000000000001
1973-05,7.29,8.06,0.7700000000000005
1973-06,7.37,8.13,0.7600000000000007
1973-07,7.45,8.24,0.79
1973-08,7.68,8.53,0.8499999999999996
1973-09,7.63,8.63,1.0000000000000009
1973-10,7.6,8.41,0.8100000000000005
1973-11,7.67,8.42,0.75
1973-12,7.68,8.48,0.8000000000000007
1974-01,7.83,8.48,0.6500000000000004
1974-02,7.85,8.53,0.6799999999999997
1974-03,8.01,8.62,0.6099999999999994
1974-04,8.25,8.87,0.6199999999999992
1974-05,8.37,9.05,0.6800000000000015
1974-06,8.47,9.27,0.7999999999999989
1974-07,8.72,9.48,0.7599999999999998
1974-08,9.0,9.77,0.7699999999999996
1974-09,9.24,10.18,0.9399999999999995
1974-10,9.27,10.48,1.2100000000000009
1974-11,8.89,10.6,1.709999999999999
1974-12,8.89,10.63,1.7400000000000002
1975-01,8.83,10.81,1.9800000000000004
1975-02,8.62,10.65,2.030000000000001
1975-03,8.67,10.48,1.8100000000000005
1975-04,8.95,10.58,1.6300000000000008
1975-05,8.9,10.69,1.7899999999999991
1975-06,8.77,10.62,1.8499999999999996
1975-07,8.84,10.55,1.7100000000000009
1975-08,8.95,10.59,1.6400000000000006
1975-09,8.95,10.61,1.6600000000000001
1975-10,8.86,10.62,1.7599999999999998
1975-11,8.78,10.56,1.7800000000000011
1975-12,8.79,10.56,1.7700000000000014
1976-01,8.6,10.41,1.8100000000000005
1976-02,8.55,10.24,1.6899999999999995
1976-03,8.52,10.12,1.5999999999999996
1976-04,8.4,9.94,1.5399999999999991
1976-05,8.58,9.86,1.2799999999999994
1976-06,8.62,9.89,1.2700000000000014
1976-07,8.56,9.82,1.2599999999999998
1976-08,8.45,9.64,1.1900000000000013
1976-09,8.38,9.4,1.0199999999999996
1976-10,8.32,9.29,0.9699999999999989
1976-11,8.25,9.23,0.9800000000000004
1976-12,7.98,9.12,1.1399999999999988
1977-01,7.96,9.08,1.12
1977-02,8.04,9.12,1.08
1977-03,8.1,9.12,1.0199999999999996
1977-04,8.04,9.07,1.0300000000000011
1977-05,8.05,9.01,0.9599999999999991
1977-06,7.95,8.91,0.96
1977-07,7.94,8.87,0.9299999999999988
1977-08,7.98,8.82,0.8399999999999999
1977-09,7.92,8.8,0.8800000000000008
1977-10,8.04,8.89,0.8500000000000014
1977-11,8.08,8.95,0.8699999999999992
1977-12,8.19,8.99,0.8000000000000007
1978-01,8.41,9.17,0.7599999999999998
1978-02,8.47,9.2,0.7299999999999986
1978-03,8.47,9.22,0.75
1978-04,8.56,9.32,0.7599999999999998
1978-05,8.69,9.49,0.8000000000000007
1978-06,8.76,9.6,0.8399999999999999
1978-07,8.88,9.6,0.7199999999999989
1978-08,8.69,9.48,0.7900000000000009
1978-09,8.69,9.42,0.7300000000000004
1978-10,8.89,9.59,0.6999999999999993
1978-11,9.03,9.83,0.8000000000000007
1978-12,9.16,9.94,0.7799999999999994
1979-01,9.25,10.13,0.8800000000000008
1979-02,9.26,10.08,0.8200000000000003
1979-03,9.37,10.26,0.8900000000000006
1979-04,9.38,10.33,0.9499999999999993
1979-05,9.5,10.47,0.9700000000000006
1979-06,9.29,10.38,1.0900000000000016
1979-07,9.2,10.29,1.0899999999999999
1979-08,9.23,10.35,1.1199999999999992
1979-09,9.44,10.54,1.0999999999999996
1979-10,10.13,11.4,1.2699999999999996
1979-11,10.76,11.99,1.2300000000000004
1979-12,10.74,12.06,1.3200000000000003
1980-01,11.09,12.42,1.33
1980-02,12.38,13.57,1.1899999999999995
1980-03,12.96,14.45,1.4899999999999984
1980-04,12.04,14.19,2.1500000000000004
1980-05,10.99,13.17,2.1799999999999997
1980-06,10.58,12.71,2.130000000000001
1980-07,11.07,12.65,1.58
1980-08,11.64,13.15,1.5099999999999998
1980-09,12.02,13.7,1.6799999999999997
1980-10,12.31,14.23,1.92
1980-11,12.97,14.64,1.67
1980-12,13.21,15.14,1.9299999999999997
1981-01,12.81,15.03,2.219999999999999
1981-02,13.35,15.37,2.0199999999999996
1981-03,13.33,15.34,2.01
1981-04,13.88,15.56,1.6799999999999997
1981-05,14.32,15.95,1.629999999999999
1981-06,13.75,15.8,2.0500000000000007
1981-07,14.38,16.17,1.790000000000001
1981-08,14.89,16.34,1.4499999999999993
1981-09,15.49,16.92,1.4300000000000015
1981-10,15.4,17.11,1.709999999999999
1981-11,14.22,16.39,2.17
1981-12,14.23,16.55,2.3200000000000003
1982-01,15.18,17.1,1.9200000000000017
1982-02,15.27,17.18,1.9100000000000001
1982-03,14.58,16.82,2.24
1982-04,14.46,16.78,2.3200000000000003
1982-05,14.26,16.64,2.380000000000001
1982-06,14.81,16.92,2.110000000000001
1982-07,14.61,16.8,2.1900000000000013
1982-08,13.71,16.32,2.6099999999999994
1982-09,12.94,15.63,2.6900000000000013
1982-10,12.12,14.73,2.610000000000001
1982-11,11.68,14.3,2.620000000000001
1982-12,11.83,14.14,2.3100000000000005
1983-01,11.79,13.94,2.1500000000000004
1983-02,12.01,13.95,1.9399999999999995
1983-03,11.73,13.61,1.879999999999999
1983-04,11.51,13.29,1.7799999999999994
1983-05,11.46,13.09,1.629999999999999
1983-06,11.74,13.37,1.629999999999999
1983-07,12.15,13.39,1.2400000000000002
1983-08,12.51,13.64,1.1300000000000008
1983-09,12.37,13.55,1.1800000000000015
1983-10,12.25,13.46,1.2100000000000009
1983-11,12.41,13.61,1.1999999999999993
1983-12,12.57,13.75,1.1799999999999997
1984-01,12.2,13.65,1.450000000000001
1984-02,12.08,13.59,1.5099999999999998
1984-03,12.57,13.99,1.42
1984-04,12.81,14.31,1.5
1984-05,13.28,14.74,1.4600000000000009
1984-06,13.55,15.05,1.5
1984-07,13.44,15.15,1.7100000000000009
1984-08,12.87,14.63,1.7600000000000016
1984-09,12.66,14.35,1.6899999999999995
1984-10,12.63,13.94,1.3099999999999987
1984-11,12.29,13.48,1.1900000000000013
1984-12,12.13,13.4,1.2699999999999996
1985-01,12.08,13.26,1.1799999999999997
1985-02,12.13,13.23,1.0999999999999996
1985-03,12.56,13.69,1.129999999999999
1985-04,12.23,13.51,1.2799999999999994
1985-05,11.72,13.15,1.4299999999999997
1985-06,10.94,12.4,1.4600000000000009
1985-07,10.97,12.43,1.459999999999999
1985-08,11.05,12.5,1.4499999999999993
1985-09,11.07,12.48,1.4100000000000001
1985-10,11.02,12.36,1.3399999999999999
1985-11,10.55,11.99,1.4399999999999995
1985-12,10.16,11.58,1.42
1986-01,10.05,11.44,1.3899999999999988
1986-02,9.67,11.11,1.4399999999999995
1986-03,9.0,10.5,1.5
1986-04,8.79,10.19,1.4000000000000004
1986-05,9.09,10.29,1.1999999999999993
1986-06,9.13,10.34,1.209999999999999
1986-07,8.88,10.16,1.2799999999999994
1986-08,8.72,10.18,1.459999999999999
1986-09,8.89,10.2,1.3099999999999987
1986-10,8.86,10.24,1.3800000000000008
1986-11,8.68,10.07,1.3900000000000006
1986-12,8.49,9.97,1.4800000000000004
1987-01,8.36,9.72,1.3600000000000012
1987-02,8.38,9.65,1.2699999999999996
1987-03,8.36,9.61,1.25
1987-04,8.85,10.04,1.1899999999999995
1987-05,9.33,10.51,1.1799999999999997
1987-06,9.32,10.52,1.1999999999999993
1987-07,9.42,10.61,1.1899999999999995
1987-08,9.67,10.8,1.1300000000000008
1987-09,10.18,11.31,1.1300000000000008
1987-10,10.52,11.62,1.0999999999999996
1987-11,10.01,11.23,1.2200000000000006
1987-12,10.11,11.29,1.1799999999999997
1988-01,9.88,11.07,1.1899999999999995
1988-02,9.4,10.62,1.2199999999999989
1988-03,9.39,10.57,1.1799999999999997
1988-04,9.67,10.9,1.2300000000000004
1988-05,9.9,11.04,1.1399999999999988
1988-06,9.86,11.0,1.1400000000000006
1988-07,9.96,11.11,1.1499999999999986
1988-08,10.11,11.21,1.1000000000000014
1988-09,9.82,10.9,1.08
1988-10,9.51,10.41,0.9000000000000004
1988-11,9.45,10.48,1.0300000000000011
1988-12,9.57,10.65,1.08
1989-01,9.62,10.65,1.0300000000000011
1989-02,9.64,10.61,0.9699999999999989
1989-03,9.8,10.67,0.8699999999999992
1989-04,9.79,10.61,0.8200000000000003
1989-05,9.57,10.46,0.8900000000000006
1989-06,9.1,10.03,0.9299999999999997
1989-07,8.93,9.87,0.9399999999999995
1989-08,8.96,9.88,0.9199999999999999
1989-09,9.01,9.91,0.9000000000000004
1989-10,8.92,9.81,0.8900000000000006
1989-11,8.89,9.81,0.9199999999999999
1989-12,8.86,9.82,0.9600000000000009
1990-01,8.99,9.94,0.9499999999999993
1990-02,9.22,10.14,0.9199999999999999
1990-03,9.37,10.21,0.8400000000000016
1990-04,9.46,10.3,0.8399999999999999
1990-05,9.47,10.41,0.9399999999999995
1990-06,9.26,10.22,0.9600000000000009
1990-07,9.24,10.2,0.9599999999999991
1990-08,9.41,10.41,1.0
1990-09,9.56,10.64,1.08
1990-10,9.53,10.74,1.2100000000000009
1990-11,9.3,10.62,1.3199999999999985
1990-12,9.05,10.43,1.379999999999999
1991-01,9.04,10.45,1.4100000000000001
1991-02,8.83,10.07,1.2400000000000002
1991-03,8.93,10.09,1.1600000000000001
1991-04,8.86,9.94,1.08
1991-05,8.86,9.86,1.0
1991-06,9.01,9.96,0.9500000000000011
1991-07,9.0,9.89,0.8900000000000006
1991-08,8.75,9.65,0.9000000000000004
1991-09,8.61,9.51,0.9000000000000004
1991-10,8.55,9.49,0.9399999999999995
1991-11,8.48,9.45,0.9699999999999989
1991-12,8.31,9.26,0.9499999999999993
1992-01,8.2,9.13,0.9300000000000015
1992-02,8.29,9.23,0.9400000000000013
1992-03,8.35,9.25,0.9000000000000004
1992-04,8.33,9.21,0.8800000000000008
1992-05,8.28,9.13,0.8500000000000014
1992-06,8.22,9.05,0.8300000000000001
1992-07,8.07,8.84,0.7699999999999996
1992-08,7.95,8.65,0.7000000000000002
1992-09,7.92,8.62,0.6999999999999993
1992-10,7.99,8.84,0.8499999999999996
1992-11,8.1,8.96,0.8600000000000012
1992-12,7.98,8.81,0.8300000000000001
1993-01,7.91,8.67,0.7599999999999998
1993-02,7.71,8.39,0.6800000000000006
1993-03,7.58,8.15,0.5700000000000003
1993-04,7.46,8.14,0.6800000000000006
1993-05,7.43,8.21,0.7800000000000011
1993-06,7.33,8.07,0.7400000000000002
1993-07,7.17,7.93,0.7599999999999998
1993-08,6.85,7.6,0.75
1993-09,6.66,7.34,0.6799999999999997
1993-10,6.67,7.31,0.6399999999999997
1993-11,6.93,7.66,0.7300000000000004
1993-12,6.93,7.69,0.7600000000000007
1994-01,6.92,7.65,0.7300000000000004
1994-02,7.08,7.76,0.6799999999999997
1994-03,7.48,8.13,0.6500000000000004
1994-04,7.88,8.52,0.6399999999999997
1994-05,7.99,8.62,0.629999999999999
1994-06,7.97,8.65,0.6800000000000006
1994-07,8.11,8.8,0.6900000000000013
1994-08,8.07,8.74,0.6699999999999999
1994-09,8.34,8.98,0.6400000000000006
1994-10,8.57,9.2,0.629999999999999
1994-11,8.68,9.32,0.6400000000000006
1994-12,8.46,9.1,0.6399999999999988
1995-01,8.46,9.08,0.6199999999999992
1995-02,8.26,8.85,0.5899999999999999
1995-03,8.12,8.7,0.5800000000000001
1995-04,8.03,8.6,0.5700000000000003
1995-05,7.65,8.2,0.5499999999999989
1995-06,7.3,7.9,0.6000000000000005
1995-07,7.41,8.04,0.629999999999999
1995-08,7.57,8.19,0.6199999999999992
1995-09,7.32,7.93,0.6099999999999994
1995-10,7.12,7.75,0.6299999999999999
1995-11,7.02,7.68,0.6600000000000001
1995-12,6.82,7.49,0.6699999999999999
1996-01,6.81,7.47,0.6600000000000001
1996-02,6.99,7.63,0.6399999999999997
1996-03,7.35,8.03,0.6799999999999997
1996-04,7.5,8.19,0.6899999999999995
1996-05,7.62,8.3,0.6800000000000006
1996-06,7.71,8.4,0.6900000000000004
1996-07,7.65,8.35,0.6999999999999993
1996-08,7.46,8.18,0.7199999999999998
1996-09,7.66,8.35,0.6899999999999995
1996-10,7.39,8.07,0.6800000000000006
1996-11,7.1,7.79,0.6900000000000004
1996-12,7.2,7.89,0.6899999999999995
1997-01,7.42,8.09,0.6699999999999999
1997-02,7.31,7.94,0.6300000000000008
1997-03,7.55,8.18,0.6299999999999999
1997-04,7.73,8.34,0.6099999999999994
1997-05,7.58,8.2,0.6199999999999992
1997-06,7.41,8.02,0.6099999999999994
1997-07,7.14,7.75,0.6100000000000003
1997-08,7.22,7.82,0.6000000000000005
1997-09,7.15,7.7,0.5499999999999998
1997-10,7.0,7.57,0.5700000000000003
1997-11,6.87,7.42,0.5499999999999998
1997-12,6.76,7.32,0.5600000000000005
1998-01,6.61,7.19,0.5800000000000001
1998-02,6.67,7.25,0.5800000000000001
1998-03,6.72,7.32,0.6000000000000005
1998-04,6.69,7.33,0.6399999999999997
1998-05,6.69,7.3,0.6099999999999994
1998-06,6.53,7.13,0.5999999999999996
1998-07,6.55,7.15,0.6000000000000005
1998-08,6.52,7.14,0.6200000000000001
1998-09,6.4,7.09,0.6899999999999995
1998-10,6.37,7.18,0.8099999999999996
1998-11,6.41,7.34,0.9299999999999997
1998-12,6.22,7.23,1.0100000000000007
1999-01,6.24,7.29,1.0499999999999998
1999-02,6.4,7.39,0.9899999999999993
1999-03,6.62,7.53,0.9100000000000001
1999-04,6.64,7.48,0.8400000000000007
1999-05,6.93,7.72,0.79
1999-06,7.23,8.02,0.7899999999999991
1999-07,7.19,7.95,0.7599999999999998
1999-08,7.4,8.15,0.75
1999-09,7.39,8.2,0.8099999999999996
1999-10,7.55,8.38,0.830000000000001
1999-11,7.36,8.15,0.79
1999-12,7.55,8.19,0.6399999999999997
2000-01,7.78,8.33,0.5499999999999998
2000-02,7.68,8.29,0.6099999999999994
2000-03,7.68,8.37,0.6899999999999995
2000-04,7.64,8.4,0.7600000000000007
2000-05,7.99,8.9,0.9100000000000001
2000-06,7.67,8.48,0.8100000000000005
2000-07,7.65,8.35,0.6999999999999993
2000-08,7.55,8.26,0.71
2000-09,7.62,8.35,0.7299999999999995
2000-10,7.55,8.34,0.79
2000-11,7.45,8.28,0.8299999999999992
2000-12,7.21,8.02,0.8099999999999996
2001-01,7.15,7.93,0.7799999999999994
2001-02,7.1,7.87,0.7700000000000005
2001-03,6.98,7.84,0.8599999999999994
2001-04,7.2,8.07,0.8700000000000001
2001-05,7.29,8.07,0.7800000000000002
2001-06,7.18,7.97,0.79
2001-07,7.13,7.97,0.8399999999999999
2001-08,7.02,7.85,0.8300000000000001
2001-09,7.17,8.03,0.8599999999999994
2001-10,7.03,7.91,0.8799999999999999
2001-11,6.97,7.81,0.8399999999999999
2001-12,6.77,8.05,1.2800000000000011
2002-01,6.55,7.87,1.3200000000000003
2002-02,6.51,7.89,1.38
2002-03,6.81,8.11,1.2999999999999998
2002-04,6.76,8.03,1.2699999999999996
2002-05,6.75,8.09,1.3399999999999999
2002-06,6.63,7.95,1.3200000000000003
2002-07,6.53,7.9,1.37
2002-08,6.37,7.58,1.21
2002-09,6.15,7.4,1.25
2002-10,6.32,7.73,1.4100000000000001
2002-11,6.31,7.62,1.3100000000000005
2002-12,6.21,7.45,1.2400000000000002
2003-01,6.17,7.35,1.1799999999999997
2003-02,5.95,7.06,1.1099999999999994
2003-03,5.89,6.95,1.0600000000000005
2003-04,5.74,6.85,1.1099999999999994
2003-05,5.22,6.38,1.1600000000000001
2003-06,4.97,6.19,1.2200000000000006
2003-07,5.49,6.62,1.13
2003-08,5.88,7.01,1.13
2003-09,5.72,6.79,1.0700000000000003
2003-10,5.7,6.73,1.0300000000000002
2003-11,5.65,6.66,1.0099999999999998
2003-12,5.62,6.6,0.9799999999999995
2004-01,5.54,6.44,0.9000000000000004
2004-02,5.5,6.27,0.7699999999999996
2004-03,5.33,6.11,0.7800000000000002
2004-04,5.73,6.46,0.7299999999999995
2004-05,6.04,6.75,0.71
2004-06,6.01,6.78,0.7700000000000005
2004-07,5.82,6.62,0.7999999999999998
2004-08,5.65,6.46,0.8099999999999996
2004-09,5.46,6.27,0.8099999999999996
2004-10,5.47,6.21,0.7400000000000002
2004-11,5.52,6.2,0.6800000000000006
2004-12,5.47,6.15,0.6800000000000006
2005-01,5.36,6.02,0.6599999999999993
2005-02,5.2,5.82,0.6200000000000001
2005-03,5.4,6.06,0.6599999999999993
2005-04,5.33,6.05,0.7199999999999998
2005-05,5.15,6.01,0.8599999999999994
2005-06,4.96,5.86,0.9000000000000004
2005-07,5.06,5.95,0.8900000000000006
2005-08,5.09,5.96,0.8700000000000001
2005-09,5.13,6.03,0.9000000000000004
2005-10,5.35,6.3,0.9500000000000002
2005-11,5.42,6.39,0.9699999999999998
2005-12,5.37,6.32,0.9500000000000002
2006-01,5.29,6.24,0.9500000000000002
2006-02,5.35,6.27,0.9199999999999999
2006-03,5.53,6.41,0.8799999999999999
2006-04,5.84,6.68,0.8399999999999999
2006-05,5.95,6.75,0.7999999999999998
2006-06,5.89,6.78,0.8900000000000006
2006-07,5.85,6.76,0.9100000000000001
2006-08,5.68,6.59,0.9100000000000001
2006-09,5.51,6.43,0.9199999999999999
2006-10,5.51,6.42,0.9100000000000001
2006-11,5.33,6.2,0.8700000000000001
2006-12,5.32,6.22,0.8999999999999995
2007-01,5.4,6.34,0.9399999999999995
2007-02,5.39,6.28,0.8900000000000006
2007-03,5.3,6.27,0.9699999999999998
2007-04,5.47,6.39,0.9199999999999999
2007-05,5.47,6.39,0.9199999999999999
2007-06,5.79,6.7,0.9100000000000001
2007-07,5.73,6.65,0.9199999999999999
2007-08,5.79,6.65,0.8600000000000003
2007-09,5.74,6.59,0.8499999999999996
2007-10,5.66,6.48,0.8200000000000003
2007-11,5.44,6.4,0.96
2007-12,5.49,6.65,1.1600000000000001
2008-01,5.33,6.54,1.21
2008-02,5.53,6.82,1.29
2008-03,5.51,6.89,1.38
2008-04,5.55,6.97,1.42
2008-05,5.57,6.93,1.3599999999999994
2008-06,5.68,7.07,1.3900000000000006
2008-07,5.67,7.16,1.4900000000000002
2008-08,5.64,7.15,1.5100000000000007
2008-09,5.65,7.31,1.6599999999999993
2008-10,6.28,8.88,2.6000000000000005
2008-11,6.12,9.21,3.0900000000000007
2008-12,5.05,8.43,3.38
2009-01,5.05,8.14,3.0900000000000007
2009-02,5.27,8.08,2.8100000000000005
2009-03,5.5,8.42,2.92
2009-04,5.39,8.39,3.000000000000001
2009-05,5.54,8.06,2.5200000000000005
2009-06,5.61,7.5,1.8899999999999997
2009-07,5.41,7.09,1.6799999999999997
2009-08,5.26,6.58,1.3200000000000003
2009-09,5.13,6.31,1.1799999999999997
2009-10,5.15,6.29,1.1399999999999997
2009-11,5.19,6.32,1.13
2009-12,5.26,6.37,1.1100000000000003
2010-01,5.26,6.25,0.9900000000000002
2010-02,5.35,6.34,0.9900000000000002
2010-03,5.27,6.27,1.0
2010-04,5.29,6.25,0.96
2010-05,4.96,6.05,1.0899999999999999
2010-06,4.88,6.23,1.3500000000000005
2010-07,4.72,6.01,1.29
2010-08,4.49,5.66,1.17
2010-09,4.53,5.66,1.13
2010-10,4.68,5.72,1.04
2010-11,4.87,5.92,1.0499999999999998
2010-12,5.02,6.1,1.08
2011-01,5.04,6.09,1.0499999999999998
2011-02,5.22,6.15,0.9300000000000006
2011-03,5.13,6.03,0.9000000000000004
2011-04,5.16,6.02,0.8599999999999994
2011-05,4.96,5.78,0.8200000000000003
2011-06,4.99,5.75,0.7599999999999998
2011-07,4.93,5.76,0.8300000000000001
2011-08,4.37,5.36,0.9900000000000002
2011-09,4.09,5.27,1.1799999999999997
2011-10,3.98,5.37,1.3900000000000001
2011-11,3.87,5.14,1.2699999999999996
2011-12,3.93,5.25,1.3199999999999998
2012-01,3.85,5.23,1.3800000000000003
2012-02,3.85,5.14,1.2899999999999996
2012-03,3.99,5.23,1.2400000000000002
2012-04,3.96,5.19,1.2300000000000004
2012-05,3.8,5.07,1.2700000000000005
2012-06,3.64,5.02,1.3799999999999994
2012-07,3.4,4.87,1.4700000000000002
2012-08,3.48,4.91,1.4300000000000002
2012-09,3.49,4.84,1.3499999999999996
2012-10,3.47,4.58,1.1099999999999999
2012-11,3.5,4.51,1.0099999999999998
2012-12,3.65,4.63,0.98
2013-01,3.8,4.73,0.9300000000000006
2013-02,3.9,4.85,0.9499999999999997
2013-03,3.93,4.85,0.9199999999999995
2013-04,3.73,4.59,0.8599999999999999
2013-05,3.89,4.73,0.8400000000000003
2013-06,4.27,5.19,0.9200000000000008
2013-07,4.34,5.32,0.9800000000000004
2013-08,4.54,5.42,0.8799999999999999
2013-09,4.64,5.47,0.8300000000000001
2013-10,4.53,5.31,0.7799999999999994
2013-11,4.63,5.38,0.75
2013-12,4.62,5.38,0.7599999999999998
2014-01,4.49,5.19,0.7000000000000002
2014-02,4.45,5.1,0.6499999999999995
2014-03,4.38,5.06,0.6799999999999997
2014-04,4.24,4.9,0.6600000000000001
2014-05,4.16,4.76,0.5999999999999996
2014-06,4.25,4.8,0.5499999999999998
2014-07,4.16,4.73,0.5700000000000003
2014-08,4.08,4.69,0.6100000000000003
2014-09,4.11,4.8,0.6899999999999995
2014-10,3.92,4.69,0.7700000000000005
2014-11,3.92,4.79,0.8700000000000001
2014-12,3.79,4.74,0.9500000000000002
2015-01,3.46,4.45,0.9900000000000002
2015-02,3.61,4.51,0.8999999999999999
2015-03,3.64,4.54,0.8999999999999999
2015-04,3.52,4.48,0.9600000000000004
2015-05,3.98,4.89,0.9099999999999997
2015-06,4.19,5.13,0.9399999999999995
2015-07,4.15,5.2,1.0499999999999998
2015-08,4.04,5.19,1.1500000000000004
2015-09,4.07,5.34,1.2699999999999996
2015-10,3.95,5.34,1.3899999999999997
2015-11,4.06,5.46,1.4000000000000004
2015-12,3.97,5.46,1.4899999999999998
2016-01,4.0,5.45,1.4500000000000002
2016-02,3.96,5.34,1.38
2016-03,3.82,5.13,1.31
2016-04,3.62,4.79,1.17
2016-05,3.65,4.68,1.0299999999999998
2016-06,3.5,4.53,1.0300000000000002
2016-07,3.28,4.22,0.94
2016-08,3.32,4.24,0.9200000000000004
2016-09,3.41,4.31,0.8999999999999995
2016-10,3.51,4.38,0.8700000000000001
2016-11,3.86,4.71,0.8500000000000001
2016-12,4.06,4.83,0.7700000000000005
2017-01,3.92,4.66,0.7400000000000002
2017-02,3.95,4.64,0.6899999999999995
2017-03,4.01,4.68,0.6699999999999999
2017-04,3.87,4.57,0.7000000000000002
2017-05,3.85,4.55,0.6999999999999997
2017-06,3.68,4.37,0.69
2017-07,3.7,4.39,0.6899999999999995
2017-08,3.63,4.31,0.6799999999999997
2017-09,3.63,4.3,0.6699999999999999
2017-10,3.6,4.32,0.7200000000000002
2017-11,3.57,4.27,0.6999999999999997
2017-12,3.51,4.22,0.71
2018-01,3.55,4.26,0.71
2018-02,3.82,4.51,0.69
2018-03,3.87,4.64,0.7699999999999996
2018-04,3.85,4.67,0.8199999999999998
2018-05,4.0,4.83,0.8300000000000001
2018-06,3.96,4.83,0.8700000000000001
2018-07,3.87,4.79,0.9199999999999999
2018-08,3.88,4.77,0.8899999999999997
2018-09,3.98,4.88,0.8999999999999999
2018-10,4.14,5.07,0.9300000000000006
2018-11,4.22,5.22,1.0
2018-12,4.02,5.13,1.1100000000000003
