ndx,hyoas,vix,breadth,ym,ndx_ret
4730.23,561.0,11.87,0.8776,2016-07,
4771.05,510.0,13.42,0.8571,2016-08,0.008629601520433683
4875.7,497.0,13.29,0.8776,2016-09,0.02193437503274942
4801.27,491.0,17.06,0.7959,2016-10,-0.015265500338412785
4810.81,467.0,13.33,0.7959,2016-11,0.0019869742797218315
4863.62,421.0,14.04,0.8163,2016-12,0.010977361400678731
5116.77,400.0,11.99,0.8571,2017-01,0.05204970783079288
5330.31,374.0,12.92,0.9184,2017-02,0.04173335913085796
5436.23,392.0,12.37,0.9184,2017-03,0.019871264523076304
5583.53,375.0,10.82,0.9184,2017-04,0.027095983797595036
5788.8,374.0,10.41,0.898,2017-05,0.03676348116693218
5646.92,377.0,11.18,0.8571,2017-06,-0.024509397457158633
5880.33,361.0,10.26,0.8571,2017-07,0.04133403696174187
5988.6,385.0,10.59,0.8571,2017-08,0.018412231966573378
5979.3,354.0,9.51,0.9184,2017-09,-0.0015529506061516818
6248.56,351.0,10.18,0.7959,2017-10,0.045032027160369914
6365.56,361.0,11.28,0.8776,2017-11,0.0187243140819644
6396.42,358.0,11.04,0.898,2017-12,0.004847963101439534
6949.99,329.0,13.54,0.9388,2018-01,0.08654372289499435
6854.42,347.0,19.85,0.8367,2018-02,-0.013751098922444416
6581.13,379.0,19.97,0.6939,2018-03,-0.039870623626798496
6605.57,346.0,15.93,0.5306,2018-04,0.0037136479601527217
6967.73,363.0,15.43,0.7551,2018-05,0.054826457065779266
7040.8,361.0,16.09,0.6531,2018-06,0.010486916111847044
7231.98,346.0,12.83,0.7755,2018-07,0.027153164413134867
7654.55,349.0,12.86,0.7959,2018-08,0.058430747872643574
7627.65,324.0,12.12,0.7143,2018-09,-0.0035142496946261037
6967.1,381.0,21.23,0.4286,2018-10,-0.08659941135212013
6949.01,429.0,18.07,0.5714,2018-11,-0.00259648921358957
6329.97,533.0,25.42,0.1837,2018-12,-0.0890831931454984
6906.84,437.0,16.57,0.5918,2019-01,0.09113313333238549
7097.53,392.0,14.78,0.7551,2019-02,0.027608863098030234
7378.77,399.0,13.71,0.8571,2019-03,0.039625052659164606
7781.46,373.0,13.12,0.8776,2019-04,0.054574136339796464
7127.96,459.0,18.71,0.6735,2019-05,-0.0839816692497295
7671.08,407.0,15.08,0.8367,2019-06,0.07619571378066103
7848.78,393.0,16.12,0.8776,2019-07,0.02316492592959518
7691.0,409.0,18.98,0.8163,2019-08,-0.02010248726553676
7749.45,402.0,16.24,0.7959,2019-09,0.007599791964634006
8083.83,415.0,13.22,0.8163,2019-10,0.043148868629386605
8403.68,401.0,12.62,0.898,2019-11,0.039566641059992635
8733.07,360.0,13.78,0.9388,2019-12,0.039195923690573675
8991.51,403.0,18.84,0.8776,2020-01,0.029593258728030314
8461.83,504.0,40.11,0.5306,2020-02,-0.05890890406616911
7813.5,877.0,53.54,0.3061,2020-03,-0.07661817833731
9000.51,763.0,34.15,0.4694,2020-04,0.15191783451718188
9555.53,671.0,27.51,0.7347,2020-05,0.06166539451653308
10156.85,644.0,30.43,0.7959,2020-06,0.06292900550780534
10905.88,516.0,24.46,0.7959,2020-07,0.07374628944997697
12110.7,502.0,26.41,0.8367,2020-08,0.11047434961690406
11418.06,541.0,26.37,0.8367,2020-09,-0.05719240010899462
11052.95,525.0,38.02,0.7959,2020-10,-0.031976535418451024
12268.32,433.0,20.57,0.9184,2020-11,0.1099588797560831
12888.28,386.0,22.75,0.9184,2020-12,0.050533406366968014
12925.38,379.0,33.09,0.898,2021-01,0.0028785842641529946
12909.44,352.0,27.95,0.8163,2021-02,-0.0012332326012851613
13091.44,435.9,19.4,0.9184,2021-03,0.01409821030191849
13860.76,429.2,18.61,0.9184,2021-04,0.05876511674804297
13686.51,413.7,16.76,0.8776,2021-05,-0.012571460727983208
14554.8,405.9,15.83,0.9592,2021-06,0.06344130095985023
14959.9,426.1,18.24,0.898,2021-07,0.02783274246296763
15582.51,411.4,16.48,0.8776,2021-08,0.04161859370717713
14689.62,467.2,23.14,0.7347,2021-09,-0.057300781453052174
15850.47,409.5,16.26,0.7755,2021-10,0.0790251892152416
16135.92,501.2,27.19,0.7551,2021-11,0.018008929703661858
16320.08,417.6,17.22,0.8367,2021-12,0.011413046172762398
14930.05,481.4,24.83,0.5714,2022-01,-0.08517298934809148
14237.81,526.0,30.15,0.449,2022-02,-0.04636555135448306
14838.49,445.6,20.56,0.5102,2022-03,0.04218907261720739
12854.8,553.3,33.4,0.2245,2022-04,-0.13368543564742774
12642.1,492.8,26.19,0.2653,2022-05,-0.016546348445716674
11503.72,514.0,28.71,0.0816,2022-06,-0.0900467485623434
12947.97,452.1,21.33,0.3469,2022-07,0.12554634500839734
12272.03,490.1,25.87,0.2653,2022-08,-0.05220432237640327
10971.22,538.4,31.62,0.1224,2022-09,-0.10599794817972263
11405.57,490.2,25.88,0.3061,2022-10,0.03958994532968996
12030.06,445.8,20.58,0.6735,2022-11,0.05475307240234373
10939.76,454.9,21.67,0.449,2022-12,-0.09063130192201863
12101.93,435.9,19.4,0.6939,2023-01,0.10623359196179805
12042.12,446.8,20.7,0.6122,2023-02,-0.004942186907377577
13181.35,430.0,18.7,0.8367,2023-03,0.0946037740862904
13245.99,405.5,15.78,0.8367,2023-04,0.004903898310870902
14254.09,423.6,17.94,0.8163,2023-05,0.07610605171829365
15179.21,387.1,13.59,0.8571,2023-06,0.0649020737205952
15757.0,379.0,13.63,0.898,2023-07,0.038064563307313115
15501.07,385.0,13.57,0.8163,2023-08,-0.016242305007298397
14715.24,403.0,17.52,0.7755,2023-09,-0.05069521007259503
14409.78,442.0,18.14,0.6939,2023-10,-0.020758071224118657
15947.87,384.0,12.92,0.8776,2023-11,0.10673931177297646
16825.93,334.0,12.45,0.9184,2023-12,0.055058136290300874
17137.24,359.0,14.35,0.8776,2024-01,0.018501800494831633
18043.85,329.0,13.4,0.8776,2024-02,0.05290291785608403
18254.69,312.0,13.01,0.8776,2024-03,0.011684867697304036
17440.69,318.0,15.65,0.7551,2024-04,-0.044591280377809794
18536.65,320.0,12.92,0.7959,2024-05,0.06283925693306869
19682.87,318.0,12.44,0.7959,2024-06,0.06183533702152211
19362.43,325.0,16.36,0.8776,2024-07,-0.016280146137224838
19574.64,313.0,15.0,0.7959,2024-08,0.010959884683895416
20060.69,303.0,16.73,0.7551,2024-09,0.024830597139972932
19890.42,288.0,23.16,0.6122,2024-10,-0.008487743941011039
20930.37,272.0,13.51,0.7551,2024-11,0.05228396383786782
21012.17,292.0,17.35,0.5306,2024-12,0.003908196558398025
21478.05,268.0,16.43,0.5918,2025-01,0.022171912753418566
20884.41,287.0,19.63,0.5306,2025-02,-0.02763938067003291
19278.45,355.0,22.28,0.3061,2025-03,-0.07689755181017799
19571.02,394.0,24.7,0.3673,2025-04,0.0151760125943734
21340.99,331.0,18.57,0.5918,2025-05,0.0904383113399303
22679.01,296.0,16.73,0.7959,2025-06,0.06269718508841415
23218.12,286.0,16.72,0.5714,2025-07,0.02377131982392533
23415.42,282.0,15.36,0.7755,2025-08,0.00849767336890328
24679.99,280.0,16.28,0.6531,2025-09,0.0540058645115058
25858.13,294.0,17.44,0.6122,2025-10,0.04773664819151069
25434.89,295.0,16.35,0.5918,2025-11,-0.016367772920934387
25249.85,281.0,14.95,0.6327,2025-12,-0.007275046206215219
25552.39,280.0,17.44,0.6735,2026-01,0.011981853357544647
24960.04,310.0,19.86,0.6327,2026-02,-0.0231817845610528
23740.19,328.0,25.25,0.5306,2026-03,-0.048872117192119924
27452.12,283.0,16.89,0.6735,2026-04,0.1563563728849684
30333.18,272.0,15.32,0.6735,2026-05,0.10494854313619495
30276.35,275.0,16.45,0.6122,2026-06,-0.0018735259540872962
29825.11,270.0,15.03,0.6735,2026-07,-0.014904042264011319
