datetime,open,high,low,close,volume,dif,dea,hist,hist_pct,run_sign,run_bars,run_area,run_depth,prev_sign,prev_bars,prev_area,prev_depth,cross_up,cross_dn,neg_ok,pos_ok,buy_sig,sell_sig,neg_cluster_end,pos_cluster_end,in_session,entry_ok,eod,equity
2025-09-18,42.291,42.502,41.714,42.031,432700,0.0,0.0,0.0,0.0,0,0,0.0,0.0,0,0,0.0,0.0,False,False,False,False,False,False,False,False,True,True,False,1.0
2025-09-19,41.821,44.319,41.51,43.909,361061,0.14981196581196343,0.029962393162392686,0.11984957264957075,0.2729499024108286,1,1,0.2729499024108286,0.2729499024108286,0,0,0.0,0.0,True,False,False,False,False,False,False,False,True,True,False,1.0
2025-09-22,43.998,45.74,43.69,45.526,602717,0.3944702072223407,0.1028639559743823,0.2916062512479584,0.6405268445458823,1,2,0.9134767469567109,0.6405268445458823,1,1,0.2729499024108286,0.2729499024108286,False,False,False,False,False,False,False,False,True,True,False,1.0
2025-09-23,45.523,45.649,44.918,45.23,209747,0.5580460920057106,0.19390038318064798,0.3641457088250627,0.8050977422619118,1,3,1.7185744892186228,0.8050977422619118,1,2,0.9134767469567109,0.6405268445458823,False,False,False,False,False,False,False,False,True,True,False,1.0
2025-09-24,45.014,45.267,44.567,44.965,1240769,0.6587047357305025,0.2868612536906189,0.3718434820398836,0.8269620416766009,1,4,2.5455365308952236,0.8269620416766009,1,3,1.7185744892186228,0.8050977422619118,False,False,False,False,False,False,False,False,True,True,False,1.0
2025-09-25,45.184,45.489,44.066,44.332,929422,0.6795660123156821,0.3654022054156315,0.31416380690005064,0.7086614790671538,1,5,3.2541980099623773,0.8269620416766009,1,4,2.5455365308952236,0.8269620416766009,False,False,False,False,False,False,False,False,True,True,False,1.0
2025-09-26,44.394,44.726,44.093,44.677,1436836,0.7156873428332418,0.43545923289915356,0.2802281099340882,0.6272312597848742,1,6,3.8814292697472514,0.8269620416766009,1,5,3.2541980099623773,0.8269620416766009,False,False,False,False,False,False,False,False,True,True,False,1.0
2025-09-29,44.469,44.475,44.28,44.363,831076,0.7107831163973231,0.4905240095987875,0.22025910679853555,0.49649281337721873,1,7,4.37792208312447,0.8269620416766009,1,6,3.8814292697472514,0.8269620416766009,False,False,False,False,False,False,False,False,True,True,False,1.0
2025-09-30,44.47,44.976,44.254,44.845,1515972,0.7372908237036953,0.5398773724197691,0.19741345128392618,0.4402128471043064,1,8,4.818134930228776,0.8269620416766009,1,7,4.37792208312447,0.8269620416766009,False,False,False,False,False,False,False,False,True,True,False,1.0
2025-10-01,44.767,45.023,42.865,42.872,1753315,0.5922664824342831,0.5503551944226719,0.04191128801161126,0.09775911553370792,1,9,4.915894045762484,0.8269620416766009,1,8,4.818134930228776,0.8269620416766009,False,False,False,False,False,False,False,False,True,True,False,1.0
2025-10-02,42.546,44.523,42.239,44.282,790884,0.584372579930502,0.5571586715242379,0.02721390840626403,0.061455915284458776,1,10,4.977349961046943,0.8269620416766009,1,9,4.915894045762484,0.8269620416766009,False,False,False,False,False,False,False,False,True,True,False,1.0
2025-10-03,44.16,44.455,43.792,44.222,226218,0.5667420571149435,0.5590753486423791,0.007666708472564454,0.017336865072960186,1,11,4.994686826119903,0.8269620416766009,1,10,4.977349961046943,0.8269620416766009,False,False,False,False,False,False,False,False,True,True,False,1.0
2025-10-06,44.268,45.2,44.166,45.065,1517404,0.6137182337453169,0.5700039256629666,0.04371430808235022,0.09700279170609169,1,12,5.0916896178259945,0.8269620416766009,1,11,4.994686826119903,0.8269620416766009,False,False,False,False,False,False,False,False,True,True,False,1.0
2025-10-07,45.18,45.339,44.805,45.246,480971,0.6579677369885459,0.5875966879280825,0.07037104906046343,0.1555298790179539,1,13,5.2472194968439485,0.8269620416766009,1,12,5.0916896178259945,0.8269620416766009,False,False,False,False,False,False,False,False,True,True,False,1.0
2025-10-08,45.276,45.464,44.686,45.306,304933,0.689924268167843,0.6080622039760346,0.08186206419180841,0.18068702642433324,1,14,5.427906523268282,0.8269620416766009,1,13,5.2472194968439485,0.8269620416766009,False,False,False,False,False,False,False,False,True,True,False,1.0
2025-10-09,45.315,46.601,44.82,46.301,1882181,0.786472271021502,0.6437442173851281,0.14272805363637386,0.3082612765088742,1,15,5.7361677997771565,0.8269620416766009,1,14,5.427906523268282,0.8269620416766009,False,False,False,False,False,False,False,False,True,True,False,1.0
2025-10-10,46.388,48.124,46.124,47.735,1889121,0.9675458086302484,0.7085045356341522,0.25904127299609625,0.5426652833269011,1,16,6.2788330831040575,0.8269620416766009,1,15,5.7361677997771565,0.8269620416766009,False,False,False,False,False,False,False,False,True,True,False,1.0
2025-10-13,47.695,48.256,47.657,48.095,136116,1.1271043260316276,0.7922244937136473,0.33487983231798024,0.6962882468405869,1,17,6.975121329944645,0.8269620416766009,1,16,6.2788330831040575,0.8269620416766009,False,False,False,False,False,False,False,False,True,True,False,1.0
2025-10-14,48.321,48.472,48.13,48.429,1959657,1.2659139413628395,0.8869623832434859,0.37895155811935366,0.7824889180436384,1,18,7.757610247988283,0.8269620416766009,1,17,6.975121329944645,0.8269620416766009,False,False,False,False,False,False,False,False,True,True,False,1.0
2025-10-15,48.458,49.931,47.847,49.53,592396,1.4480706036153421,0.9991840273178572,0.44888657629748496,0.9062923002170098,1,19,8.663902548205293,0.9062923002170098,1,18,7.757610247988283,0.8269620416766009,False,False,False,False,False,False,False,False,True,True,False,1.0
2025-10-16,49.588,49.747,48.678,48.759,1683809,1.5127794346836652,1.101903108791019,0.4108763258926462,0.842667663185558,1,20,9.506570211390851,0.9062923002170098,1,19,8.663902548205293,0.9062923002170098,False,False,False,False,False,False,False,False,True,True,False,1.0
2025-10-17,48.864,49.161,46.723,47.101,849082,1.4139754768632997,1.1643175824054752,0.2496578944578245,0.5300479702295589,1,21,10.03661818162041,0.9062923002170098,1,20,9.506570211390851,0.9062923002170098,False,False,False,False,False,False,False,False,True,True,False,1.0
2025-10-20,46.902,47.519,46.529,47.207,1813771,1.328907128407316,1.1972354916058434,0.13167163680147254,0.2789239663640404,1,22,10.31554214798445,0.9062923002170098,1,21,10.03661818162041,0.9062923002170098,False,False,False,False,False,False,False,False,True,True,False,1.0
2025-10-21,47.073,47.377,45.783,45.977,101112,1.1489942385525467,1.1875872409951842,-0.038593002442637525,-0.08393980129768694,-1,1,0.08393980129768694,0.08393980129768694,1,22,10.31554214798445,0.9062923002170098,False,True,False,False,False,False,False,False,True,True,False,1.0
2025-10-22,46.258,46.27,43.263,43.354,1306172,0.7857007295375098,1.1072099387036494,-0.32150920916613956,-0.7415906471516805,-1,2,0.8255304484493675,0.7415906471516805,-1,1,0.08393980129768694,0.08393980129768694,False,False,False,False,False,False,False,False,True,True,False,1.0
2025-10-23,43.412,43.468,41.573,41.717,645690,0.3615283138757306,0.9580736137380657,-0.5965452998623351,-1.4299813022564782,-1,3,2.2555117507058458,1.4299813022564782,-1,2,0.8255304484493675,0.7415906471516805,False,False,False,False,False,False,False,False,True,True,False,1.0
2025-10-24,41.669,41.939,40.156,40.325,1981005,-0.08596321764133563,0.7492662474621855,-0.8352294651035211,-2.0712447987688063,-1,4,4.326756549474652,2.0712447987688063,-1,3,2.2555117507058458,1.4299813022564782,False,False,False,False,False,False,False,False,True,True,False,1.0
2025-10-27,40.38,40.471,38.236,38.297,1245564,-0.5973601358653511,0.47994097079667825,-1.0773011066620293,-2.8130169638928098,-1,5,7.139773513367462,2.8130169638928098,-1,4,4.326756549474652,2.0712447987688063,False,False,True,False,False,False,False,False,True,True,False,1.0
2025-10-28,38.223,38.301,35.917,36.122,1605190,-1.164723987626438,0.15100797911205502,-1.315731966738493,-3.6424671024264796,-1,6,10.782240615793942,3.6424671024264796,-1,5,7.139773513367462,2.8130169638928098,False,False,True,False,False,False,False,False,True,True,False,1.0
2025-10-29,36.162,36.449,35.134,35.277,1269023,-1.6633740254720024,-0.21186842180475648,-1.451505603667246,-4.114594788863129,-1,7,14.896835404657072,4.114594788863129,-1,6,10.782240615793942,3.6424671024264796,False,False,True,False,False,False,False,False,True,True,False,1.0
2025-10-30,35.183,35.279,35.158,35.201,154217,-2.041161103265857,-0.5777269580969766,-1.4634341451688804,-4.157365259989433,-1,8,19.054200664646505,4.157365259989433,-1,7,14.896835404657072,4.114594788863129,False,False,True,False,False,False,False,False,True,True,False,1.0
2025-10-31,35.24,35.369,34.146,34.389,1256624,-2.3786619636084367,-0.9379139591992687,-1.440748004409168,-4.189560628134484,-1,9,23.243761292780988,4.189560628134484,-1,8,19.054200664646505,4.157365259989433,False,False,True,False,False,False,False,False,True,True,False,1.0
2025-11-03,34.172,34.174,33.19,33.373,837986,-2.6970268887929834,-1.2897365451180116,-1.4072903436749717,-4.216852975983495,-1,10,27.460614268764484,4.216852975983495,-1,9,23.243761292780988,4.189560628134484,False,False,True,False,False,False,False,False,True,True,False,1.0
2025-11-04,33.551,33.671,32.816,33.37,1336578,-2.9159620650624376,-1.614981649106897,-1.3009804159555407,-3.8986527298637728,-1,11,31.359266998628257,4.216852975983495,-1,10,27.460614268764484,4.216852975983495,False,False,True,False,False,False,False,False,True,True,False,1.0
2025-11-05,33.301,33.881,33.206,33.784,432857,-3.021236495871129,-1.8962326184597433,-1.1250038774113857,-3.3299901652006447,-1,12,34.6892571638289,4.216852975983495,-1,11,31.359266998628257,4.216852975983495,False,False,True,False,False,False,False,False,True,True,False,1.0
2025-11-06,33.57,33.639,33.137,33.608,1267495,-3.083326303531834,-2.1336513554741616,-0.9496749480576723,-2.8257407404715313,-1,13,37.51499790430043,4.216852975983495,-1,12,34.6892571638289,4.216852975983495,False,False,True,False,False,False,False,False,True,True,False,1.0
2025-11-07,33.578,34.316,33.483,34.202,1654738,-3.049449927157376,-2.3168110698108046,-0.7326388573465712,-2.1420936124980154,-1,14,39.657091516798445,4.216852975983495,-1,13,37.51499790430043,4.216852975983495,False,False,True,False,False,False,False,False,True,True,False,1.0
2025-11-10,34.151,35.641,34.111,35.303,165670,-2.90032798068556,-2.4335144519857557,-0.4668135286998045,-1.3223055510857564,-1,15,40.9793970678842,4.216852975983495,-1,14,39.657091516798445,4.216852975983495,False,False,True,False,False,False,False,False,True,True,False,1.0
2025-11-11,35.324,35.705,35.137,35.522,878487,-2.7329722906499754,-2.4934060197185994,-0.23956627093137595,-0.674416617677428,-1,16,41.65381368556163,4.216852975983495,-1,15,40.9793970678842,4.216852975983495,False,False,True,False,False,False,False,False,True,True,False,1.0
2025-11-12,35.359,35.394,35.189,35.295,1344088,-2.588816439019247,-2.512488103578729,-0.0763283354405182,-0.21625821062620257,-1,17,41.87007189618783,4.216852975983495,-1,16,41.65381368556163,4.216852975983495,False,False,True,False,False,False,False,False,True,True,False,1.0
2025-11-13,35.351,36.161,35.254,35.961,410558,-2.3932434334507917,-2.4886391695531414,0.09539573610234964,0.26527553767233847,1,1,0.26527553767233847,0.26527553767233847,-1,17,41.87007189618783,4.216852975983495,True,False,True,False,True,False,True,False,True,True,False,1.0
2025-11-14,36.482,36.794,36.369,36.5,1209215,-2.169746139248147,-2.4248605634921425,0.25511442424399533,0.6989436280657406,1,2,0.9642191657380791,0.6989436280657406,1,1,0.26527553767233847,0.26527553767233847,False,False,False,False,False,False,False,False,True,True,False,1.0004933940025218
2025-11-17,36.313,37.929,36.297,37.656,300886,-1.8776984456221655,-2.315428139918147,0.43772969429598163,1.1624434201614129,1,3,2.126662585899492,1.1624434201614129,1,2,0.9642191657380791,0.6989436280657406,False,False,False,False,False,False,False,False,True,True,False,1.032180253275588
2025-11-18,37.707,37.915,36.71,36.755,513726,-1.6993625210363135,-2.1922150161417804,0.4928524951054669,1.3409127876628129,1,4,3.4675753735623047,1.3409127876628129,1,3,2.126662585899492,1.1624434201614129,False,False,False,False,False,False,False,False,True,True,False,1.0074831423715807
2025-11-19,36.709,36.748,36.115,36.255,298056,-1.5801607280298882,-2.069804158519402,0.48964343048951386,1.3505542145621674,1,5,4.818129588124473,1.3505542145621674,1,4,3.4675753735623047,1.3409127876628129,False,False,False,True,False,False,False,False,True,True,False,0.993777753412642
2025-11-20,36.283,36.505,35.279,35.518,897101,-1.5275535029903224,-1.961354027413586,0.43380052442326367,1.221354030134759,1,6,6.039483618259231,1.3505542145621674,1,5,4.818129588124473,1.3505542145621674,False,False,False,True,False,False,False,False,True,True,False,0.9735760100871663
2025-11-21,35.26,35.31,34.006,34.034,1374976,-1.5873107653896383,-1.8865453750087968,0.2992346096191585,0.879222570427098,1,7,6.918706188686329,1.3505542145621674,1,6,6.039483618259231,1.3505542145621674,False,False,False,True,False,False,False,False,True,True,False,0.9328984156570364
2025-11-24,33.878,34.268,33.681,33.923,551583,-1.6248948226496154,-1.8342152645369605,0.2093204418873451,0.6170457857127762,1,8,7.535751974399105,1.3505542145621674,1,7,6.918706188686329,1.3505542145621674,False,False,False,True,False,False,False,False,True,True,False,0.9298558193081521
2025-11-25,33.985,34.125,33.853,34.095,1784030,-1.6221029037205454,-1.7917927923736776,0.16968988865313217,0.49769728304188937,1,9,8.033449257440994,1.3505542145621674,1,8,7.535751974399105,1.3505542145621674,False,False,False,True,False,False,False,False,True,True,False,0.9345704731100268
2025-11-26,34.09,34.35,33.252,33.351,1749194,-1.6607804270243207,-1.7655903193038063,0.10480989227948556,0.314263117386242,1,10,8.347712374827235,1.3505542145621674,1,9,8.033449257440994,1.3505542145621674,False,False,False,True,False,False,False,False,True,True,False,0.9141768543391261
2025-11-27,33.569,34.309,33.467,34.25,1420563,-1.6004419575099078,-1.7325606469450268,0.13211868943511895,0.3857479983507123,1,11,8.733460373177948,1.3505542145621674,1,10,8.347712374827235,1.3505542145621674,False,False,False,True,False,False,False,False,True,True,False,0.9388191436872979
2025-11-28,34.154,35.08,33.624,34.846,629714,-1.4873854135027713,-1.683525600256576,0.19614018675380462,0.562877193232522,1,12,9.29633756641047,1.3505542145621674,1,11,8.733460373177948,1.3505542145621674,False,False,False,True,False,False,False,False,True,True,False,0.9551559673263527
2025-12-01,34.87,35.493,34.816,35.439,1690285,-1.3345532446823327,-1.6137311291417273,0.2791778844593946,0.7877702092592755,1,13,10.084107775669745,1.3505542145621674,1,12,9.29633756641047,1.3505542145621674,False,False,False,True,False,False,False,False,True,True,False,0.9714105586316539
2025-12-02,35.852,36.237,35.628,36.025,409511,-1.1528579187440187,-1.5215564870621858,0.36869856831816716,1.0234519592454328,1,14,11.107559734915178,1.3505542145621674,1,13,10.084107775669745,1.3505542145621674,False,False,False,True,False,False,False,False,True,True,False,0.98747327449153
2025-12-03,35.915,37.416,35.493,37.245,416369,-0.9000441115986817,-1.3972540119694852,0.4972099003708035,1.334970869568542,1,15,12.44253060448372,1.3505542145621674,1,14,11.107559734915178,1.3505542145621674,False,False,False,True,False,False,False,False,True,True,False,1.0209144235513403
2025-12-04,37.11,37.367,36.77,36.782,1613600,-0.7286481759537722,-1.2635328447663425,0.5348846688125704,1.4542022424353498,1,16,13.89673284691907,1.4542022424353498,1,15,12.44253060448372,1.3505542145621674,False,False,False,True,False,False,False,False,True,True,False,1.0082232333753631
2025-12-05,36.777,38.365,36.718,38.063,1488809,-0.4838718938849311,-1.1076006545900603,0.6237287607051292,1.6386747253372806,1,17,15.53540757225635,1.6386747253372806,1,16,13.89673284691907,1.4542022424353498,False,False,False,True,False,False,False,False,True,True,False,1.0433364398881642
2025-12-08,38.057,39.636,37.818,39.499,1546157,-0.1720286883451223,-0.9204862613410727,0.7484575729959504,1.8948772703003884,1,18,17.430284842556738,1.8948772703003884,1,17,15.53540757225635,1.6386747253372806,False,False,False,True,False,False,False,False,True,True,False,1.0826983169782358
2025-12-09,39.632,40.113,38.582,38.977,874774,0.03261232668857872,-0.7298665437351425,0.7624788704237212,1.9562276994733336,1,19,19.386512542030072,1.9562276994733336,1,18,17.430284842556738,1.8948772703003884,False,False,False,True,False,False,False,False,True,True,False,1.0683898909051037
2025-12-10,38.997,40.5,38.924,40.31,1719128,0.2989081381629717,-0.5241116073555196,0.8230197455184913,2.0417259873939253,1,20,21.428238529423997,2.0417259873939253,1,19,19.386512542030072,1.9562276994733336,False,False,False,True,False,False,False,False,True,True,False,1.1049284578696343
2025-12-11,40.188,41.485,40.101,41.102,655403,0.5673175843248117,-0.30582576901945335,0.8731433533442651,2.1243330089637125,1,21,23.55257153838771,2.1243330089637125,1,20,21.428238529423997,2.0417259873939253,False,False,False,True,False,False,False,False,True,True,False,1.1266377939805932
2025-12-12,41.137,42.971,41.115,42.768,1386987,0.9040450126929187,-0.06385161267697895,0.9678966253698976,2.2631327753691957,1,22,25.815704313756907,2.2631327753691957,1,21,23.55257153838771,2.1243330089637125,False,False,False,True,False,False,False,False,True,True,False,1.1723041499917768
2025-12-15,43.219,43.475,42.85,43.162,857615,1.188990490614458,0.18671680798130844,1.0022736826331495,2.3221205751196643,1,23,28.137824888876573,2.3221205751196643,1,22,25.815704313756907,2.2631327753691957,False,False,False,True,False,False,False,False,True,True,False,1.1831039964914205
2025-12-16,43.382,44.232,43.091,43.76,891996,1.4463923266998293,0.4386519117250126,1.0077404149748168,2.30288029016183,1,24,30.440705179038403,2.3221205751196643,1,23,28.137824888876573,2.3221205751196643,False,False,False,True,False,False,False,False,True,True,False,1.199495641686311
2025-12-17,43.273,44.55,43.207,44.483,1024141,1.6892525421319675,0.6887720378064036,1.000480504325564,2.249130014444988,1,25,32.68983519348339,2.3221205751196643,1,24,30.440705179038403,2.3221205751196643,False,False,False,True,False,False,False,False,True,True,False,1.2193136341209363
2025-12-18,44.458,44.901,43.326,43.778,1003477,1.80403758223256,0.911825146691635,0.8922124355409251,2.0380383652540663,1,26,34.72787355873746,2.3221205751196643,1,25,32.68983519348339,2.3221205751196643,False,False,False,True,False,False,False,False,True,True,False,1.1999890356888328
2025-12-19,43.624,44.393,43.587,44.265,1310436,1.9122590514597206,1.111911927645252,0.8003471238144686,1.8080811562509174,1,27,36.53595471498837,2.3221205751196643,1,26,34.72787355873746,2.3221205751196643,False,False,False,True,False,False,False,False,True,True,False,1.2133380845348392
2025-12-22,44.375,44.851,43.403,43.857,1154869,1.9427088173617975,1.2780713055885613,0.6646375117732362,1.5154650609326588,1,28,38.05141977592103,2.3221205751196643,1,27,36.53595471498837,2.3221205751196643,False,False,False,True,False,False,False,False,True,True,False,1.2021544871443453
2025-12-23,43.827,44.548,43.563,43.855,1733724,1.9442667955772492,1.4113104035862991,0.5329563919909501,1.2152693922949498,1,29,39.26668916821598,2.3221205751196643,1,28,38.05141977592103,2.3221205751196643,False,False,False,True,False,False,False,False,True,True,False,1.2020996655885094
2025-12-24,44.194,44.299,42.759,42.765,1232395,1.8363789802693873,1.4963241189229168,0.34005486134647045,0.795170960707285,1,30,40.06186012892327,2.3221205751196643,1,29,39.26668916821598,2.3221205751196643,False,False,False,True,False,False,False,False,True,True,False,1.172221917658023
2025-12-25,42.924,43.73,42.688,43.138,1990516,1.7606790796120038,1.5491951110607343,0.2114839685512695,0.490249822781004,1,31,40.552109951704274,2.3221205751196643,1,30,40.06186012892327,2.3221205751196643,False,False,False,True,False,False,False,False,True,True,False,1.1824461378213913
2025-12-26,43.292,43.446,42.771,43.049,1895878,1.6742056066797417,1.5741972101845358,0.10000839649520588,0.2323129375716181,1,32,40.784422889275895,2.3221205751196643,1,31,40.552109951704274,2.3221205751196643,False,False,False,True,False,False,False,False,True,True,False,1.1800065785867002
2025-12-29,43.081,43.296,41.9,42.271,1848225,1.525313790488589,1.5644205262453466,-0.039106735756757605,-0.09251433785989828,-1,1,0.09251433785989828,0.09251433785989828,1,32,40.784422889275895,2.3221205751196643,False,True,False,True,False,True,False,True,True,True,False,1.1586809933665918
2025-12-30,42.265,42.372,42.196,42.344,604284,1.3971015266295623,1.53095672632219,-0.1338551996926276,-0.3161137343959654,-1,2,0.4086280722558637,0.3161137343959654,-1,1,0.09251433785989828,0.09251433785989828,False,False,False,False,False,False,False,False,True,True,False,1.1579165286990847
2025-12-31,42.402,43.215,42.258,43.132,1726603,1.3435893366929506,1.4934832483963423,-0.14989391170339172,-0.34752367546923796,-1,3,0.7561517477251016,0.34752367546923796,-1,2,0.4086280722558637,0.3161137343959654,False,False,False,False,False,False,False,False,True,True,False,1.1579165286990847
2026-01-01,43.355,44.764,42.973,44.599,1559995,1.4033779133899742,1.4754621813950686,-0.07208426800509438,-0.16162754322988046,-1,4,0.9177792909549821,0.34752367546923796,-1,3,0.7561517477251016,0.34752367546923796,False,False,False,False,False,False,False,False,True,True,False,1.1579165286990847
2026-01-02,44.694,45.135,42.732,42.971,1390963,1.3043589587977351,1.441241536875602,-0.13688257807786686,-0.3185464105509922,-1,5,1.2363257015059743,0.34752367546923796,-1,4,0.9177792909549821,0.34752367546923796,False,False,False,False,False,False,False,False,True,True,False,1.1579165286990847
2026-01-05,42.911,44.161,42.849,43.836,132154,1.2809183652135303,1.4091769025431877,-0.12825853732965742,-0.29258722814503474,-1,6,1.5289129296510091,0.34752367546923796,-1,5,1.2363257015059743,0.34752367546923796,False,False,False,False,False,False,False,False,True,True,False,1.1579165286990847
2026-01-06,44.06,44.566,44.037,44.416,1274738,1.2942236737704746,1.3861862567886452,-0.09196258301817051,-0.2070483227174228,-1,7,1.735961252368432,0.34752367546923796,-1,6,1.5289129296510091,0.34752367546923796,False,False,False,False,False,False,False,False,True,True,False,1.1579165286990847
2026-01-07,44.45,44.611,44.437,44.519,461448,1.298115597297766,1.3685721248904694,-0.07045652759270338,-0.15826170307667148,-1,8,1.8942229554451036,0.34752367546923796,-1,7,1.735961252368432,0.34752367546923796,False,False,False,False,False,False,False,False,True,True,False,1.1579165286990847
2026-01-08,44.505,44.886,43.449,43.751,489326,1.2251065277274407,1.3398790054578638,-0.1147724777304231,-0.26233109581591985,-1,9,2.1565540512610233,0.34752367546923796,-1,8,1.8942229554451036,0.34752367546923796,False,False,False,False,False,False,False,False,True,True,False,1.1579165286990847
2026-01-09,43.612,45.591,43.443,45.154,1894334,1.2658645897139138,1.325076122309074,-0.0592115325951601,-0.13113241926553593,-1,10,2.2876864705265594,0.34752367546923796,-1,9,2.1565540512610233,0.34752367546923796,False,False,False,False,False,False,False,False,True,True,False,1.1579165286990847
2026-01-12,45.051,45.578,43.863,44.003,1121742,1.191554073153867,1.2983717124780325,-0.10681763932416555,-0.24275081090872336,-1,11,2.5304372814352827,0.34752367546923796,-1,10,2.2876864705265594,0.34752367546923796,False,False,False,False,False,False,False,False,True,True,False,1.1579165286990847
2026-01-13,43.891,44.766,43.869,44.511,577050,1.1602788356990814,1.2707531371222422,-0.11047430142316084,-0.24819550543272637,-1,12,2.778632786868009,0.34752367546923796,-1,11,2.5304372814352827,0.34752367546923796,False,False,False,False,False,False,False,False,True,True,False,1.1579165286990847
2026-01-14,44.014,46.067,43.948,45.591,1182728,1.20870673985047,1.2583438576678878,-0.04963711781741775,-0.10887481699769197,-1,13,2.887507603865701,0.34752367546923796,-1,12,2.778632786868009,0.34752367546923796,False,False,False,False,False,False,False,False,True,True,False,1.1579165286990847
2026-01-15,45.777,45.792,43.567,43.633,1071004,1.0766806620220635,1.222011218538723,-0.1453305565166596,-0.3330748665383072,-1,14,3.220582470404008,0.34752367546923796,-1,13,2.887507603865701,0.34752367546923796,False,False,False,False,False,False,False,False,True,True,False,1.1579165286990847
2026-01-16,43.732,43.774,42.242,42.792,637471,0.8938832430736312,1.1563856234457048,-0.26250238037207363,-0.6134379799310002,-1,15,3.834020450335008,0.6134379799310002,-1,14,3.220582470404008,0.34752367546923796,False,False,False,False,False,False,False,False,True,True,False,1.1579165286990847
2026-01-19,42.756,43.141,40.739,40.897,1841323,0.5893110972527964,1.042970718207123,-0.45365962095432666,-1.1092735920833476,-1,16,4.943294042418356,1.1092735920833476,-1,15,3.834020450335008,0.6134379799310002,False,False,False,False,False,False,False,False,True,True,False,1.1579165286990847
2026-01-20,41.068,41.124,40.262,40.326,1675435,0.2984205431509679,0.894060683195892,-0.5956401400449242,-1.477062292429014,-1,17,6.420356334847369,1.477062292429014,-1,16,4.943294042418356,1.1092735920833476,False,False,False,False,False,False,False,False,True,True,False,1.1579165286990847
2026-01-21,40.396,40.89,40.327,40.811,1343685,0.10580349314923865,0.7364092451865614,-0.6306057520373227,-1.5451857392304102,-1,18,7.96554207407778,1.5451857392304102,-1,17,6.420356334847369,1.477062292429014,False,False,True,False,False,False,False,False,True,True,False,1.1579165286990847
2026-01-22,40.872,42.121,40.72,41.741,1702241,0.027874995362715538,0.5947023952217922,-0.5668273998590767,-1.3579631533961254,-1,19,9.323505227473905,1.5451857392304102,-1,18,7.96554207407778,1.5451857392304102,False,False,True,False,False,False,False,False,True,True,False,1.1579165286990847
2026-01-23,41.328,41.648,39.189,39.298,1028068,-0.22838095014368065,0.43008572614869767,-0.6584666762923783,-1.6755729968252284,-1,20,10.999078224299133,1.6755729968252284,-1,19,9.323505227473905,1.5451857392304102,False,False,True,False,False,False,False,False,True,True,False,1.1579165286990847
2026-01-26,39.261,39.472,37.974,38.073,1756661,-0.5242694436299615,0.23921469219296582,-0.7634841358229274,-2.0053164600187205,-1,21,13.004394684317854,2.0053164600187205,-1,20,10.999078224299133,1.6755729968252284,False,False,True,False,False,False,False,False,True,True,False,1.1579165286990847
2026-01-27,38.154,38.475,37.845,38.072,1433463,-0.7501961044111809,0.04133253287213645,-0.7915286372833173,-2.079030881706549,-1,22,15.083425566024403,2.079030881706549,-1,21,13.004394684317854,2.0053164600187205,False,False,True,False,False,False,False,False,True,True,False,1.1579165286990847
2026-01-28,38.317,39.355,37.973,38.988,1308854,-0.8455837035484706,-0.13605071441198496,-0.7095329891364857,-1.8198753183966492,-1,23,16.90330088442105,2.079030881706549,-1,22,15.083425566024403,2.079030881706549,False,False,True,False,False,False,False,False,True,True,False,1.1579165286990847
2026-01-29,39.275,39.54,39.124,39.129,1958901,-0.8994334327466547,-0.2887272580789189,-0.6107061746677358,-1.5607507850129976,-1,24,18.46405166943405,2.079030881706549,-1,23,16.90330088442105,2.079030881706549,False,False,True,False,False,False,False,False,True,True,False,1.1579165286990847
2026-01-30,39.352,39.571,38.211,38.493,141281,-0.9821084806056746,-0.42740350258427007,-0.5547049780214045,-1.4410541605523197,-1,25,19.90510582998637,2.079030881706549,-1,24,18.46405166943405,2.079030881706549,False,False,True,False,False,False,False,False,True,True,False,1.1579165286990847
2026-02-02,38.314,39.003,38.258,38.968,1888282,-0.9977985211720792,-0.5414825063018319,-0.4563160148702473,-1.171001885830033,-1,26,21.076107715816402,2.079030881706549,-1,25,19.90510582998637,2.079030881706549,False,False,True,False,False,False,False,False,True,True,False,1.1579165286990847
2026-02-03,38.626,39.637,38.354,39.383,893173,-0.9656149515739898,-0.6263089953562635,-0.3393059562177263,-0.8615543666498903,-1,27,21.937662082466293,2.079030881706549,-1,26,21.076107715816402,2.079030881706549,False,False,True,False,False,False,False,False,True,True,False,1.1579165286990847
2026-02-04,39.473,39.86,39.249,39.816,444393,-0.8948544346344818,-0.6800180832119072,-0.21483635142257462,-0.5395729139606555,-1,28,22.477234996426947,2.079030881706549,-1,27,21.937662082466293,2.079030881706549,False,False,True,False,False,False,False,False,True,True,False,1.1579165286990847
2026-02-05,39.821,40.227,39.809,39.92,239715,-0.8209212155549892,-0.7081987096805237,-0.11272250587446553,-0.28237100669956294,-1,29,22.75960600312651,2.079030881706549,-1,28,22.477234996426947,2.079030881706549,False,False,True,False,False,False,False,False,True,True,False,1.1579165286990847
2026-02-06,40.074,41.511,39.735,41.109,366065,-0.658792098435093,-0.6983173874314376,0.039525288996344554,0.09614753216167883,1,1,0.09614753216167883,0.09614753216167883,-1,29,22.75960600312651,2.079030881706549,True,False,True,False,True,False,True,False,True,True,False,1.1579165286990847
2026-02-09,41.088,42.545,40.943,42.287,599530,-0.43028874914246984,-0.6447116597736441,0.21442291063117425,0.5070657900328097,1,2,0.6032133221944885,0.5070657900328097,1,1,0.09614753216167883,0.09614753216167883,False,False,False,False,False,False,False,False,True,True,False,1.1917060029472886
2026-02-10,42.324,43.117,42.245,43.086,647104,-0.1826204413018928,-0.5522934160792938,0.369672974777401,0.8579886152750337,1,3,1.4612019374695222,0.8579886152750337,1,2,0.6032133221944885,0.5070657900328097,False,False,False,False,False,False,False,False,True,True,False,1.2142229253195278
2026-02-11,42.827,43.741,42.463,43.691,1445904,0.06176493311794928,-0.42948174623984525,0.49124667935779454,1.1243658404655295,1,4,2.5855677779350517,1.1243658404655295,1,3,1.4612019374695222,0.8579886152750337,False,False,False,False,False,False,False,False,True,True,False,1.2312726600319246
2026-02-12,43.77,44.086,42.914,43.155,375734,0.2097732471720377,-0.30163074755746866,0.5114039947295064,1.1850399599803183,1,5,3.7706077379153697,1.1850399599803183,1,4,2.5855677779350517,1.1243658404655295,False,False,False,False,False,False,False,False,True,True,False,1.2161674405181317
2026-02-13,43.078,43.595,42.541,43.226,401387,0.3290074163349601,-0.1755031147789829,0.5045105311139431,1.1671460026695577,1,6,4.937753740584927,1.1850399599803183,1,5,3.7706077379153697,1.1850399599803183,False,False,False,False,False,False,False,False,True,True,False,1.2181683184761156
2026-02-16,43.287,44.776,43.18,44.767,1551705,0.5416039030998192,-0.032081711203222466,0.5736856143030417,1.2814922025220399,1,7,6.2192459431069675,1.2814922025220399,1,6,4.937753740584927,1.1850399599803183,False,False,False,False,False,False,False,False,True,True,False,1.2615958245782692
2026-02-17,44.849,44.905,44.719,44.79,531977,0.7038307357150231,0.11510077818042665,0.5887299575345964,1.314422767436027,1,8,7.533668710542995,1.314422767436027,1,7,6.2192459431069675,1.2814922025220399,False,False,False,True,False,False,False,False,True,True,False,1.2622439963111372
2026-02-18,44.769,44.911,43.129,43.455,1684173,0.716414940918213,0.23536361072798392,0.48105133019022905,1.107010309953352,1,9,8.640679020496346,1.314422767436027,1,8,7.533668710542995,1.314422767436027,False,False,False,True,False,False,False,False,True,True,False,1.224621854425105
2026-02-19,43.51,44.826,42.948,44.7,1089067,0.8174263274344682,0.3517761540692808,0.4656501733651874,1.0417229829198822,1,10,9.682402003416229,1.314422767436027,1,9,8.640679020496346,1.314422767436027,False,False,False,True,False,False,False,False,True,True,False,1.259707672139045
2026-02-20,44.697,45.231,44.344,45.106,367349,0.9196383672698971,0.4653485967094041,0.454289770560493,1.0071604011894049,1,11,10.689562404605633,1.314422767436027,1,10,9.682402003416229,1.314422767436027,False,False,False,True,False,False,False,False,True,True,False,1.2711493122931492
2026-02-23,45.243,47.174,44.567,47.107,689408,1.1488627475709237,0.6020514268817081,0.5468113206892156,1.1607857021020562,1,12,11.850348106707688,1.314422767436027,1,11,10.689562404605633,1.314422767436027,False,False,False,True,False,False,False,False,True,True,False,1.3275402530526619
2026-02-24,47.201,47.307,46.624,47.07,239019,1.312410478603688,0.7441232372261042,0.5682872413775839,1.2073236485608325,1,13,13.05767175526852,1.314422767436027,1,12,11.850348106707688,1.314422767436027,False,False,False,True,False,False,False,False,True,True,False,1.3264975420041354
2026-02-25,46.967,47.099,46.344,46.582,1143639,1.386661145611079,0.8726308189030991,0.5140303267079798,1.1034956135588418,1,14,14.161167368827362,1.314422767436027,1,13,13.05767175526852,1.314422767436027,False,False,False,True,False,False,False,False,True,True,False,1.3127450287154585
2026-02-26,46.472,46.501,45.131,45.235,715120,1.3215793474475106,0.9624205246119815,0.35915882283552913,0.7939843546712261,1,15,14.955151723498588,1.314422767436027,1,14,14.161167368827362,1.314422767436027,False,False,False,True,False,False,False,False,True,True,False,1.2747847102731478
2026-02-27,45.55,47.029,44.883,46.845,669704,1.3839616497701002,1.0467287496436053,0.33723290012649487,0.7198909171234814,1,16,15.675042640622069,1.314422767436027,1,15,14.955151723498588,1.314422767436027,False,False,False,True,False,False,False,False,True,True,False,1.3201567315739053
2026-03-02,46.826,50.047,46.799,50.039,1405150,1.6718570530169146,1.1717544103182673,0.5001026426986472,0.9994257333253008,1,17,16.67446837394737,1.314422767436027,1,16,15.675042640622069,1.314422767436027,False,False,False,True,False,False,False,False,True,True,False,1.4101680583034828
2026-03-03,50.238,50.347,49.643,49.78,689909,1.8577026589451364,1.3089440600436413,0.5487585989014951,1.1023676153103559,1,18,17.776835989257727,1.314422767436027,1,17,16.67446837394737,1.314422767436027,False,False,False,True,False,False,False,False,True,True,False,1.4028690809637956
2026-03-04,49.858,50.536,49.812,49.857,1563427,1.9882802401260022,1.4448112960601136,0.5434689440658886,1.090055446709366,1,19,18.86689143596709,1.314422767436027,1,18,17.776835989257727,1.314422767436027,False,False,False,True,False,False,False,False,True,True,False,1.4050390471999188
2026-03-05,49.745,51.576,49.34,51.425,492723,2.19300876965373,1.594450790778837,0.5985579788748929,1.1639435661154944,1,20,20.030835002082586,1.314422767436027,1,19,18.86689143596709,1.314422767436027,False,False,False,True,False,False,False,False,True,True,False,1.4492274505537002
2026-03-06,51.271,51.545,51.121,51.45,975318,2.3304113637890893,1.7416429053808877,0.5887684584082016,1.144350745205445,1,21,21.175185747288033,1.314422767436027,1,20,20.030835002082586,1.314422767436027,False,False,False,True,False,False,False,False,True,True,False,1.449931985045948
2026-03-09,51.475,52.552,51.446,52.094,631875,2.462878793794978,1.885890083063706,0.5769887107312721,1.1075914898669177,1,22,22.28277723715495,1.314422767436027,1,21,21.175185747288033,1.314422767436027,False,False,False,True,False,False,False,False,True,True,False,1.4680807935662508
2026-03-10,52.148,53.219,52.04,52.563,1314200,2.5760099279158837,2.0239140520341414,0.5520958758817422,1.0503507712302231,1,23,23.333128008385174,1.314422767436027,1,22,22.28277723715495,1.314422767436027,False,False,False,True,False,False,False,False,True,True,False,1.4812978606408194
2026-03-11,52.692,54.069,52.574,53.509,1766643,2.7107535808263847,2.16128195779259,0.5494716230337948,1.0268770170135768,1,24,24.36000502539875,1.314422767436027,1,23,23.333128008385174,1.314422767436027,False,False,False,True,False,False,False,False,True,True,False,1.5079574458274756
2026-03-12,53.238,55.729,52.904,55.334,1843333,2.931014236744005,2.315228413582873,0.615785823161132,1.1128525376100262,1,25,25.472857563008777,1.314422767436027,1,24,24.36000502539875,1.314422767436027,False,False,False,True,False,False,False,False,True,True,False,1.5593884637615643
2026-03-13,55.202,55.644,54.762,55.606,1724264,3.0918792607621484,2.4705585830187284,0.6213206777434199,1.1173626546477358,1,26,26.590220217656512,1.314422767436027,1,25,25.472857563008777,1.314422767436027,False,False,False,True,False,False,False,False,True,True,False,1.5670537990372202
2026-03-16,55.585,57.507,55.251,56.678,1772418,3.2681936897135415,2.6300856043576912,0.6381080853558503,1.1258479222199977,1,27,27.71606813987651,1.314422767436027,1,26,26.590220217656512,1.314422767436027,False,False,False,True,False,False,False,False,True,True,False,1.5972642380648052
2026-03-17,57.041,57.174,55.475,55.777,1225514,3.297212758667328,2.7635110352196186,0.5337017234477095,0.9568491016865546,1,28,28.672917241563063,1.314422767436027,1,27,27.71606813987651,1.314422767436027,False,False,False,True,False,False,False,False,True,True,False,1.571872814964195
2026-03-18,55.25,55.905,54.727,55.503,323655,3.2605158724212373,2.862912002659942,0.39760386976129514,0.7163646465259448,1,29,29.38928188808901,1.314422767436027,1,28,28.672917241563063,1.314422767436027,False,False,False,True,False,False,False,False,True,True,False,1.564151116929159
2026-03-19,55.6,55.674,51.949,52.069,1320767,2.920670552742159,2.874463712676386,0.046206840065773136,0.08874155460211092,1,30,29.47802344269112,1.314422767436027,1,29,29.38928188808901,1.314422767436027,False,False,False,True,False,False,False,False,True,True,False,1.4673762590740032
2026-03-20,51.957,52.725,49.174,49.412,1455143,2.4091715637885542,2.78140528289882,-0.3722337191102656,-0.7533265585490683,-1,1,0.7533265585490683,0.7533265585490683,1,30,29.47802344269112,1.314422767436027,False,True,False,True,False,True,False,True,True,True,False,1.3924983332379082
2026-03-23,49.498,50.185,49.132,49.149,1199177,1.9599894890951148,2.617122124138079,-0.6571326350429643,-1.337021373869182,-1,2,2.0903479324182506,1.337021373869182,-1,1,0.7533265585490683,0.7533265585490683,False,False,False,False,False,False,False,False,True,True,False,1.394227181974021
2026-03-24,49.052,49.352,47.192,47.372,1575517,1.4439751628926203,2.3824927318889877,-0.9385175689963674,-1.9811651798454095,-1,3,4.07151311226366,1.9811651798454095,-1,2,2.0903479324182506,1.337021373869182,False,False,False,False,False,False,False,False,True,True,False,1.394227181974021
2026-03-25,47.442,47.494,46.263,46.873,940022,0.9834286091682358,2.1026799073448372,-1.1192512981766014,-2.3878379838640615,-1,4,6.459351096127722,2.3878379838640615,-1,3,4.07151311226366,1.9811651798454095,False,False,True,False,False,False,False,False,True,True,False,1.394227181974021
2026-03-26,47.166,47.534,46.118,46.425,1823851,0.5756564817868153,1.7972752222332329,-1.2216187404464176,-2.631381239518401,-1,5,9.090732335646123,2.631381239518401,-1,4,6.459351096127722,2.3878379838640615,False,False,True,False,False,False,False,False,True,True,False,1.394227181974021
2026-03-27,46.491,47.231,46.467,46.916,1897622,0.28878479814853364,1.4955771374162932,-1.2067923392677595,-2.5722404707727846,-1,6,11.662972806418908,2.631381239518401,-1,5,9.090732335646123,2.631381239518401,False,False,True,False,False,False,False,False,True,True,False,1.394227181974021
2026-03-30,46.997,47.498,46.817,47.063,894424,0.0724632819288118,1.210954366318797,-1.1384910843899851,-2.4190788610797975,-1,7,14.082051667498707,2.631381239518401,-1,6,11.662972806418908,2.631381239518401,False,False,True,False,False,False,False,False,True,True,False,1.394227181974021
2026-03-31,47.133,47.954,46.722,47.63,1466998,-0.052614410629985287,0.9582406109290406,-1.010855021559026,-2.1223074145686036,-1,8,16.20435908206731,2.631381239518401,-1,7,14.082051667498707,2.631381239518401,False,False,True,False,False,False,False,False,True,True,False,1.394227181974021
2026-04-01,47.487,47.901,46.634,47.232,396492,-0.1817594471289823,0.730240599317436,-0.9120000464464183,-1.930894407279849,-1,9,18.135253489347157,2.631381239518401,-1,8,16.20435908206731,2.631381239518401,False,False,True,False,False,False,False,False,True,True,False,1.394227181974021
2026-04-02,47.334,47.552,46.19,46.429,1164924,-0.34492710310821195,0.5152070588323064,-0.8601341619405184,-1.8525795557529094,-1,10,19.987833045100068,2.631381239518401,-1,9,18.135253489347157,2.631381239518401,False,False,True,False,False,False,False,False,True,True,False,1.394227181974021
2026-04-03,46.39,46.699,45.714,45.768,1000189,-0.5215635617459711,0.307852934716651,-0.829416496462622,-1.8122192284185938,-1,11,21.800052273518663,2.631381239518401,-1,10,19.987833045100068,2.631381239518401,False,False,True,False,False,False,False,False,True,True,False,1.394227181974021
2026-04-06,45.62,45.851,45.309,45.478,1389274,-0.6771441084080791,0.11085352609170498,-0.7879976344997841,-1.7327007223268045,-1,12,23.532752995845467,2.631381239518401,-1,11,21.800052273518663,2.631381239518401,False,False,True,False,False,False,False,False,True,True,False,1.394227181974021
2026-04-07,45.471,45.77,44.411,44.623,803457,-0.8595260853267348,-0.08322239619198299,-0.7763036891347518,-1.7396940795884452,-1,13,25.272447075433913,2.631381239518401,-1,12,23.532752995845467,2.631381239518401,False,False,True,False,False,False,False,False,True,True,False,1.394227181974021
2026-04-08,44.583,44.813,44.132,44.363,296231,-1.0133635192621355,-0.2692506208060135,-0.744112898456122,-1.6773277245815703,-1,14,26.949774800015483,2.631381239518401,-1,13,25.272447075433913,2.631381239518401,False,False,True,False,False,False,False,False,True,True,False,1.394227181974021
2026-04-09,44.497,44.829,44.235,44.509,848067,-1.1106963974820374,-0.4375397761412183,-0.6731566213408191,-1.5124056288409515,-1,15,28.462180428856435,2.631381239518401,-1,14,26.949774800015483,2.631381239518401,False,False,True,False,False,False,False,False,True,True,False,1.394227181974021
2026-04-10,44.502,45.129,44.3,44.911,1748633,-1.1422284656317387,-0.5784775140393225,-0.5637509515924163,-1.2552625227503647,-1,16,29.7174429516068,2.631381239518401,-1,15,28.462180428856435,2.631381239518401,False,False,True,False,False,False,False,False,True,True,False,1.394227181974021
2026-04-13,44.816,44.841,44.366,44.613,1625244,-1.177688308590831,-0.6983196729496242,-0.4793686356412068,-1.074504372360538,-1,17,30.791947323967335,2.631381239518401,-1,16,29.7174429516068,2.631381239518401,False,False,True,False,False,False,False,False,True,True,False,1.394227181974021
2026-04-14,44.872,44.989,42.64,42.664,1755463,-1.3475250709252649,-0.8281607525447523,-0.5193643183805126,-1.2173362047171212,-1,18,32.009283528684456,2.631381239518401,-1,17,30.791947323967335,2.631381239518401,False,False,True,False,False,False,False,False,True,True,False,1.394227181974021
2026-04-15,42.833,43.063,42.314,42.36,1338557,-1.4894823625442655,-0.960425074544655,-0.5290572879996105,-1.2489548819631977,-1,19,33.25823841064766,2.631381239518401,-1,18,32.009283528684456,2.631381239518401,False,False,True,False,False,False,False,False,True,True,False,1.394227181974021
2026-04-16,42.575,42.636,41.852,42.209,1022095,-1.5957738888834356,-1.0874948374124112,-0.5082790514710245,-1.2041959095714765,-1,20,34.46243432021913,2.631381239518401,-1,19,33.25823841064766,2.631381239518401,False,False,True,False,False,False,False,False,True,True,False,1.394227181974021
2026-04-17,42.312,43.249,42.084,42.763,1392265,-1.6166715361419435,-1.1933301771583178,-0.4233413589836257,-0.9899711409013066,-1,21,35.452405461120435,2.631381239518401,-1,20,34.46243432021913,2.631381239518401,False,False,True,False,False,False,False,False,True,True,False,1.394227181974021
2026-04-20,42.744,42.857,42.718,42.786,1594407,-1.6127859716163684,-1.2772213360499278,-0.33556463556644056,-0.7842860645221347,-1,22,36.23669152564257,2.631381239518401,-1,21,35.452405461120435,2.631381239518401,False,False,True,False,False,False,False,False,True,True,False,1.394227181974021
2026-04-21,42.714,42.816,41.547,41.665,1340119,-1.6807869000180773,-1.3579344488435579,-0.32285245117451944,-0.7748768778939624,-1,23,37.01156840353653,2.631381239518401,-1,22,36.23669152564257,2.631381239518401,False,False,True,False,False,False,False,False,True,True,False,1.394227181974021
2026-04-22,41.618,41.787,40.196,40.545,277086,-1.8042544433525478,-1.4471984477453559,-0.3570559956071919,-0.8806412519600244,-1,24,37.89220965549655,2.631381239518401,-1,23,37.01156840353653,2.631381239518401,False,False,True,False,False,False,False,False,True,True,False,1.394227181974021
2026-04-23,40.698,42.316,40.508,42.0,369190,-1.7643585933342223,-1.5106304768631291,-0.25372811647109317,-0.6041145630264123,-1,25,38.496324218522965,2.631381239518401,-1,24,37.89220965549655,2.631381239518401,False,False,True,False,False,False,False,False,True,True,False,1.394227181974021
2026-04-24,42.019,42.909,41.799,42.473,924579,-1.6752623166152034,-1.5435568448135442,-0.13170547180165926,-0.31009222753669213,-1,26,38.80641644605966,2.631381239518401,-1,25,38.496324218522965,2.631381239518401,False,False,True,False,False,False,False,False,True,True,False,1.394227181974021
2026-04-27,42.221,44.257,41.913,44.175,210884,-1.4505941531844542,-1.5249643064877263,0.07437015330327212,0.16835348795307783,1,1,0.16835348795307783,0.16835348795307783,-1,26,38.80641644605966,2.631381239518401,True,False,True,False,True,False,True,False,True,True,False,1.394227181974021
2026-04-28,44.168,46.801,43.974,46.483,774968,-1.0739271402038497,-1.434756873230951,0.3608297330271013,0.7762617150939082,1,2,0.944615203046986,0.7762617150939082,1,1,0.16835348795307783,0.16835348795307783,False,False,False,False,False,False,False,False,True,True,False,1.4673035251697704
2026-04-29,46.22,46.604,45.741,46.087,850602,-0.7981689147608861,-1.307439281536938,0.5092703667760519,1.1050195646842966,1,3,2.0496347677312827,1.1050195646842966,1,2,0.944615203046986,0.7762617150939082,False,False,False,False,False,False,False,False,True,True,False,1.4548032090118799
2026-04-30,46.117,47.635,46.014,47.164,1468676,-0.4871085510689781,-1.143373135443346,0.656264584374368,1.3914523458026629,1,4,3.4410871135339454,1.3914523458026629,1,3,2.0496347677312827,1.1050195646842966,False,False,False,False,False,False,False,False,True,True,False,1.488800280986749
2026-05-01,46.937,48.624,46.65,48.57,1714474,-0.12568965015857714,-0.9398364383863923,0.8141467882278152,1.6762338649944721,1,5,5.117320978528418,1.6762338649944721,1,4,3.4410871135339454,1.3914523458026629,False,False,False,True,False,False,False,False,True,True,False,1.5331827166382497
2026-05-04,48.324,50.586,48.106,50.317,1051455,0.29826749044254797,-0.6922156526206042,0.9904831430631522,1.968486084351516,1,6,7.085807062879933,1.968486084351516,1,5,5.117320978528418,1.6762338649944721,False,False,False,True,False,False,False,False,True,True,False,1.5883293134257115
2026-05-05,50.341,52.245,50.325,52.24,1332521,0.7804302930167353,-0.39768646349313636,1.1781167565098716,2.2552005293067987,1,7,9.341007592186731,2.2552005293067987,1,6,7.085807062879933,1.968486084351516,False,False,False,True,False,False,False,False,True,True,False,1.6490316062833468
2026-05-06,52.223,54.118,52.094,53.894,1460477,1.281242399956433,-0.06190069080322247,1.3431430907596555,2.4921941046492293,1,8,11.83320169683596,2.4921941046492293,1,7,9.341007592186731,2.2552005293067987,False,False,False,True,False,False,False,False,True,True,False,1.701242522761001
2026-05-07,53.536,55.654,53.068,55.55,1603573,1.791118068926771,0.30870306114277624,1.4824150077839948,2.668613875398731,1,9,14.50181557223469,2.668613875398731,1,8,11.83320169683596,2.4921941046492293,False,False,False,True,False,False,False,False,True,True,False,1.7535165721485435
2026-05-08,55.716,56.237,54.653,55.087,915704,2.1332472332889907,0.6736118955720192,1.4596353377169715,2.6496911026503014,1,10,17.151506674884992,2.668613875398731,1,9,14.50181557223469,2.668613875398731,False,False,False,True,False,False,False,False,True,True,False,1.7389013035093939
2026-05-11,55.564,56.222,55.26,56.09,1282690,2.456998034617918,1.030289123381199,1.4267089112367188,2.543606545260686,1,11,19.69511322014568,2.668613875398731,1,10,17.151506674884992,2.668613875398731,False,False,False,True,False,False,False,False,True,True,False,1.7705624578183947
2026-05-12,55.758,56.206,55.7,56.157,409857,2.687993699082263,1.3618300385214117,1.326163660560851,2.3615286795249943,1,12,22.056641899670673,2.668613875398731,1,11,19.69511322014568,2.668613875398731,False,False,False,True,False,False,False,False,True,True,False,1.7726774102996534
2026-05-13,56.565,57.163,56.25,57.045,1590237,2.909178408288426,1.6712997124748146,1.2378786958136114,2.1700038492656875,1,13,24.22664574893636,2.668613875398731,1,12,22.056641899670673,2.668613875398731,False,False,False,True,False,False,False,False,True,True,False,1.8007084222900749
2026-05-14,56.888,56.929,56.703,56.909,1375984,3.0384692384837066,1.9447336176765933,1.0937356208071134,1.9219027233075847,1,14,26.148548472243945,2.668613875398731,1,13,24.22664574893636,2.668613875398731,False,False,False,True,False,False,False,False,True,True,False,1.796415384417668
2026-05-15,56.797,58.154,56.746,57.862,1992712,3.181161834921795,2.1920192611256337,0.9891425737961614,1.7094856275209316,1,15,27.858034099764875,2.668613875398731,1,14,26.148548472243945,2.668613875398731,False,False,False,True,False,False,False,False,True,True,False,1.8264982159794605
2026-05-18,57.82,59.14,57.344,58.829,1819040,3.3338450733285825,2.4203844235662237,0.9134606497623587,1.5527386998969195,1,16,29.410772799661796,2.668613875398731,1,15,27.858034099764875,2.668613875398731,False,False,False,True,False,False,False,False,True,True,False,1.8570229779104712
2026-05-19,58.489,59.063,58.311,58.933,1455262,3.4237724530110825,2.621062029455196,0.8027104235558866,1.3620729023736897,1,17,30.772845702035486,2.668613875398731,1,16,29.410772799661796,2.668613875398731,False,False,False,True,False,False,False,False,True,True,False,1.8603058892246647
2026-05-20,59.239,59.276,58.634,58.896,163093,3.452259460420315,2.78730151564822,0.664957944772095,1.1290375318732937,1,18,31.90188323390878,2.668613875398731,1,17,30.772845702035486,2.668613875398731,False,False,False,True,False,False,False,False,True,True,False,1.8591379303917304
2026-05-21,59.012,59.867,58.045,58.494,1737205,3.403167976647829,2.910474807848142,0.49269316879968716,0.842296934385898,1,19,32.744180168294676,2.668613875398731,1,18,31.90188323390878,2.668613875398731,False,False,False,True,False,False,False,False,True,True,False,1.8464482155041746
2026-05-22,58.318,58.466,57.32,57.403,1200564,3.2388921078614317,2.9761582678508,0.2627338400106316,0.457700538317913,1,20,33.20188070661259,2.668613875398731,1,19,32.744180168294676,2.668613875398731,False,False,False,True,False,False,False,False,True,True,False,1.8120092131600871
2026-05-25,57.34,57.404,56.541,56.747,1948447,3.020945007155717,2.9851156157117837,0.03582939144393338,0.06313882926662798,1,21,33.26501953587922,2.668613875398731,1,20,33.20188070661259,2.668613875398731,False,False,False,True,False,False,False,False,True,True,False,1.791301618716713
2026-05-26,56.403,57.097,55.3,55.806,673723,2.7406964808802314,2.936231788745473,-0.19553530786524176,-0.3503840229818331,-1,1,0.3503840229818331,0.3503840229818331,1,21,33.26501953587922,2.668613875398731,False,True,False,True,False,True,False,True,True,True,False,1.7615975846142504
2026-05-27,55.728,56.116,55.726,56.112,1507142,2.514305795269749,2.8518465900503283,-0.3375407947805793,-0.6015483226058228,-1,2,0.9519323455876558,0.6015483226058228,-1,1,0.3503840229818331,0.3503840229818331,False,False,False,False,False,False,False,False,True,True,False,1.758298864819421
2026-05-28,56.323,56.693,55.818,56.132,359919,2.3098765595889574,2.743452583958054,-0.4335760243690965,-0.7724221912083954,-1,3,1.724354536796051,0.7724221912083954,-1,2,0.9519323455876558,0.6015483226058228,False,False,False,False,False,False,False,False,True,True,False,1.758298864819421
2026-05-29,55.747,57.264,55.426,57.033,1644669,2.1952624682767805,2.6338145608217998,-0.43855209254501926,-0.7689444576736613,-1,4,2.493298994469712,0.7724221912083954,-1,3,1.724354536796051,0.7724221912083954,False,False,False,False,False,False,False,False,True,True,False,1.758298864819421
2026-06-01,56.933,57.241,55.078,55.713,924232,1.9751487218837411,2.5020813930341883,-0.5269326711504472,-0.94579841536167,-1,5,3.439097409831382,0.94579841536167,-1,4,2.493298994469712,0.7724221912083954,False,False,False,False,False,False,False,False,True,True,False,1.758298864819421
2026-06-02,55.746,57.426,55.025,57.255,249304,1.9031946616398088,2.3823040467553125,-0.4791093851155037,-0.8367992055113155,-1,6,4.275896615342697,0.94579841536167,-1,5,3.439097409831382,0.94579841536167,False,False,False,False,False,False,False,False,True,True,False,1.758298864819421
2026-06-03,57.495,57.608,56.748,56.796,1087813,1.7885161852476728,2.2635464744537845,-0.4750302892061118,-0.8363798316890482,-1,7,5.112276447031745,0.94579841536167,-1,6,4.275896615342697,0.94579841536167,False,False,False,False,False,False,False,False,True,True,False,1.758298864819421
2026-06-04,57.102,57.146,56.279,56.364,169137,1.643824886817967,2.139602156926621,-0.495777270108654,-0.8795991592304557,-1,8,5.991875606262202,0.94579841536167,-1,7,5.112276447031745,0.94579841536167,False,False,False,False,False,False,False,False,True,True,False,1.758298864819421
2026-06-05,56.26,56.776,55.883,56.518,1000489,1.5240146115602968,2.016484647853356,-0.4924700362930592,-0.8713507843396072,-1,9,6.863226390601809,0.94579841536167,-1,8,5.991875606262202,0.94579841536167,False,False,False,False,False,False,False,False,True,True,False,1.758298864819421
2026-06-08,56.35,56.537,56.033,56.07,1854463,1.3770405826654226,1.8885958348157694,-0.5115552521503468,-0.9123510828434935,-1,10,7.775577473445303,0.94579841536167,-1,9,6.863226390601809,0.94579841536167,False,False,False,False,False,False,False,False,True,True,False,1.758298864819421
2026-06-09,56.171,56.678,55.995,56.477,687387,1.2786644565208363,1.7666095591567827,-0.4879451026359465,-0.8639713558367946,-1,11,8.639548829282097,0.94579841536167,-1,10,7.775577473445303,0.94579841536167,False,False,False,False,False,False,False,False,True,True,False,1.758298864819421
2026-06-10,56.395,56.789,55.12,55.57,551657,1.114664192942925,1.6362204859140115,-0.5215562929710864,-0.9385573024493187,-1,12,9.578106131731415,0.94579841536167,-1,11,8.639548829282097,0.94579841536167,False,False,False,False,False,False,False,False,True,True,False,1.758298864819421
2026-06-11,55.501,55.741,53.759,53.826,1243620,0.8343487249779713,1.4758461337268036,-0.6414974087488323,-1.1917984036503406,-1,13,10.769904535381755,1.1917984036503406,-1,12,9.578106131731415,0.94579841536167,False,False,False,False,False,False,False,False,True,True,False,1.758298864819421
2026-06-12,54.059,54.244,52.016,52.143,680123,0.4709636862592461,1.274869644233292,-0.803905957974046,-1.5417332297221986,-1,14,12.311637765103955,1.5417332297221986,-1,13,10.769904535381755,1.1917984036503406,False,False,False,False,False,False,False,False,True,True,False,1.758298864819421
2026-06-15,52.495,53.379,52.335,52.734,417211,0.22803849995530356,1.0655034153776943,-0.8374649154223908,-1.5880929104987118,-1,15,13.899730675602667,1.5880929104987118,-1,14,12.311637765103955,1.5417332297221986,False,False,True,False,False,False,False,False,True,True,False,1.758298864819421
2026-06-16,52.79,52.966,51.616,51.675,356929,-0.049364862533032294,0.842529759795549,-0.8918946223285813,-1.7259692739788706,-1,16,15.625699949581538,1.7259692739788706,-1,15,13.899730675602667,1.5880929104987118,False,False,True,False,False,False,False,False,True,True,False,1.758298864819421
2026-06-17,51.635,52.097,48.771,49.177,491055,-0.46541177203206985,0.5809414534300252,-1.046353225462095,-2.127728868093001,-1,17,17.75342881767454,2.127728868093001,-1,16,15.625699949581538,1.7259692739788706,False,False,True,False,False,False,False,False,True,True,False,1.758298864819421
2026-06-18,49.29,49.679,47.435,47.965,1305629,-0.8827543732403527,0.2882022880959497,-1.1709566613363025,-2.4412731394481444,-1,18,20.194701957122682,2.4412731394481444,-1,17,17.75342881767454,2.127728868093001,False,False,True,False,False,False,False,False,True,True,False,1.758298864819421
2026-06-19,47.603,47.647,44.935,45.208,623857,-1.4196039397341238,-0.053358957470065,-1.3662449822640588,-3.0221309995223384,-1,19,23.21683295664502,3.0221309995223384,-1,18,20.194701957122682,2.4412731394481444,False,False,True,False,False,False,False,False,True,True,False,1.758298864819421
2026-06-22,45.204,46.329,45.002,45.937,156405,-1.7658809056225948,-0.395863347100571,-1.3700175585220238,-2.9823836091212397,-1,20,26.19921656576626,3.0221309995223384,-1,19,23.21683295664502,3.0221309995223384,False,False,True,False,False,False,False,False,True,True,False,1.758298864819421
2026-06-23,45.742,45.867,43.412,43.526,1880137,-2.2093870081776927,-0.7585680793159953,-1.4508189288616973,-3.3332236568067297,-1,21,29.53244022257299,3.3332236568067297,-1,20,26.19921656576626,3.0221309995223384,False,False,True,False,False,False,False,False,True,True,False,1.758298864819421
2026-06-24,43.942,44.119,43.169,43.276,1618271,-2.551628119772957,-1.1171800874073878,-1.434448032365569,-3.3146502272982,-1,22,32.84709044987119,3.3332236568067297,-1,21,29.53244022257299,3.3332236568067297,False,False,True,False,False,False,False,False,True,True,False,1.758298864819421
2026-06-25,43.401,43.653,42.78,43.303,488371,-2.7885335135325278,-1.4514507726324157,-1.337082740900112,-3.0877369718035985,-1,23,35.93482742167479,3.3332236568067297,-1,22,32.84709044987119,3.3332236568067297,False,False,True,False,False,False,False,False,True,True,False,1.758298864819421
2026-06-26,43.327,43.346,41.024,41.694,666929,-3.0707182691728363,-1.7753042719405,-1.2954139972323364,-3.1069554305951366,-1,24,39.041782852269925,3.3332236568067297,-1,23,35.93482742167479,3.3332236568067297,False,False,True,False,False,False,False,False,True,True,False,1.758298864819421
2026-06-29,41.662,42.253,41.508,41.95,295018,-3.236387598871964,-2.0675209373267927,-1.1688666615451715,-2.7863329238263916,-1,25,41.82811577609632,3.3332236568067297,-1,24,39.041782852269925,3.3332236568067297,False,False,True,False,False,False,False,False,True,True,False,1.758298864819421
2026-06-30,41.528,43.437,41.447,43.078,1513357,-3.2393206908143455,-2.3018808880243036,-0.9374398027900419,-2.1761451385627044,-1,26,44.00426091465902,3.3332236568067297,-1,25,41.82811577609632,3.3332236568067297,False,False,True,False,False,False,False,False,True,True,False,1.758298864819421
2026-07-01,43.201,44.194,43.046,43.916,1279958,-3.1378543589650434,-2.4690755822124517,-0.6687787767525917,-1.522859041699134,-1,27,45.527119956358156,3.3332236568067297,-1,26,44.00426091465902,3.3332236568067297,False,False,True,False,False,False,False,False,True,True,False,1.758298864819421
2026-07-02,44.202,45.102,44.107,44.718,1830340,-2.9586217131120023,-2.566984808392362,-0.3916369047196402,-0.8757925325811534,-1,28,46.40291248893931,3.3332236568067297,-1,27,45.527119956358156,3.3332236568067297,False,False,True,False,False,False,False,False,True,True,False,1.758298864819421
2026-07-03,44.588,46.378,44.544,46.329,153795,-2.655967968205921,-2.584781440355074,-0.071186527850847,-0.15365435871883054,-1,29,46.55656684765814,3.3332236568067297,-1,28,46.40291248893931,3.3332236568067297,False,False,True,False,False,False,False,False,True,True,False,1.758298864819421
2026-07-06,46.456,47.373,46.127,47.213,1411582,-2.3180601285421147,-2.5314371779924825,0.21337704945036773,0.4519455434951554,1,1,0.4519455434951554,0.4519455434951554,-1,29,46.55656684765814,3.3332236568067297,True,False,True,False,True,False,True,False,True,True,False,1.758298864819421
2026-07-07,47.349,48.371,47.101,48.278,389367,-1.9419436145201345,-2.413538465298013,0.47159485077787844,0.9768317883464072,1,2,1.4287773318415626,0.9768317883464072,1,1,0.4519455434951554,0.4519455434951554,False,False,False,False,False,False,False,False,True,True,False,1.7927971571892123
2026-07-08,47.979,49.339,47.937,48.79,906652,-1.5842917176137945,-2.2476891157611694,0.6633973981473749,1.3596995247947834,1,3,2.788476856636346,1.3596995247947834,1,2,1.4287773318415626,0.9768317883464072,False,False,False,False,False,False,False,False,True,True,False,1.8118102096039952
2026-07-09,48.972,50.306,48.95,50.011,1646428,-1.1886238016032564,-2.035876052929587,0.8472522513263305,1.694131793658056,1,4,4.482608650294402,1.694131793658056,1,3,2.788476856636346,1.3596995247947834,False,False,False,True,False,False,False,False,True,True,False,1.8571518834290919
2026-07-10,50.282,50.822,49.345,49.366,1287293,-0.9165349921750163,-1.812007840778673,0.8954728486036567,1.8139465393259668,1,5,6.296555189620369,1.8139465393259668,1,4,4.482608650294402,1.694131793658056,False,False,False,True,False,False,False,False,True,True,False,1.8331998935706255
2026-07-13,49.411,50.481,48.738,50.455,1998799,-0.606043360945776,-1.5708149448120938,0.9647715838663178,1.912142669440725,1,6,8.208697859061093,1.912142669440725,1,5,6.296555189620369,1.8139465393259668,False,False,False,True,False,False,False,False,True,True,False,1.8736397648200362
2026-07-14,50.443,50.485,49.882,49.959,1725032,-0.3954411614249125,-1.3357401881346576,0.9402990267097451,1.8821414093751776,1,7,10.090839268436271,1.912142669440725,1,6,8.208697859061093,1.912142669440725,False,False,False,True,False,False,False,False,True,True,False,1.8552208702932156
2026-07-15,50.117,50.169,48.669,48.705,952597,-0.3259671742057151,-1.133785585348869,0.8078184111431539,1.6585944177048637,1,8,11.749433686141135,1.912142669440725,1,7,10.090839268436271,1.912142669440725,False,False,False,True,False,False,False,False,True,True,False,1.8086537458241971
2026-07-16,48.405,49.088,48.116,48.937,1451402,-0.24931413949887116,-0.9568912961788695,0.7075771566799983,1.4458940202300885,1,9,13.195327706371224,1.912142669440725,1,8,11.749433686141135,1.912142669440725,False,False,False,True,False,False,False,False,True,True,False,1.8172690351996454
2026-07-17,48.955,51.03,48.851,50.588,1900662,-0.054713452597511036,-0.7764557274625978,0.7217422748650868,1.4267064815076436,1,10,14.622034187878867,1.912142669440725,1,9,13.195327706371224,1.912142669440725,False,False,False,True,False,False,False,False,True,True,False,1.8785787022637204
2026-07-20,50.801,51.744,50.64,51.478,579287,0.1693721391639329,-0.5872901541372917,0.7566622933012246,1.4698750792595372,1,11,16.091909267138405,1.912142669440725,1,10,14.622034187878867,1.912142669440725,False,False,False,True,False,False,False,False,True,True,False,1.9116287347816039
2026-07-21,51.222,51.511,50.614,50.788,1937424,0.2879648718640482,-0.41223914893702374,0.7002040208010719,1.3786800441070173,1,12,17.470589311245423,1.912142669440725,1,11,16.091909267138405,1.912142669440725,False,False,False,True,False,False,False,False,True,True,False,1.8860056758632442
2026-07-22,50.989,51.712,50.942,51.598,114479,0.4422131396847675,-0.2413486912126655,0.6835618308974329,1.3247835786221036,1,13,18.795372889867526,1.912142669440725,1,12,17.470589311245423,1.912142669440725,False,False,False,True,False,False,False,False,True,True,False,1.9160849189413187
2026-07-23,51.511,51.698,51.165,51.287,1045736,0.5332143393769613,-0.08643608509474016,0.6196504244717014,1.2082017362522692,1,14,20.003574626119796,1.912142669440725,1,13,18.795372889867526,1.912142669440725,False,False,False,True,False,False,False,False,True,True,False,1.9045359749940578
2026-07-24,50.86,51.784,50.843,51.559,1771541,0.6201330646129932,0.05487774484680652,0.5652553197661867,1.0963271587233785,1,15,21.099901784843176,1.912142669440725,1,14,20.003574626119796,1.912142669440725,False,False,False,True,False,False,False,False,True,True,False,1.914636659089411
2026-07-27,51.537,52.532,50.956,52.298,1161036,0.7401163044462038,0.191925456766686,0.5481908476795179,1.0482061411134609,1,16,22.148107925956637,1.912142669440725,1,15,21.099901784843176,1.912142669440725,False,False,False,True,False,False,False,False,True,True,False,1.9420793265396543
2026-07-28,52.095,52.215,49.526,50.518,1284440,0.6836915914443367,0.29027868370221616,0.3934129077421205,0.7787578838079903,1,17,22.926865809764628,1.912142669440725,1,16,22.148107925956637,1.912142669440725,False,False,False,True,False,False,False,False,True,True,False,1.8759792615038866
2026-07-29,50.583,51.959,49.882,51.749,1073567,0.7298922682497846,0.37820140061172985,0.35169086763805474,0.6796090120351209,1,18,23.60647482179975,1.912142669440725,1,17,22.926865809764628,1.912142669440725,False,False,False,True,False,False,False,False,True,True,False,1.9216922840089596
2026-07-30,51.507,52.033,51.25,51.739,220646,0.7569737983024893,0.45395588014988175,0.3030179181526076,0.5856663602941835,1,19,24.192141182093934,1.912142669440725,1,18,23.60647482179975,1.912142669440725,False,False,False,True,False,False,False,False,True,True,False,1.9213209353289833
2026-07-31,51.957,52.329,51.939,52.182,502156,0.8049040705853443,0.5241455182369743,0.28075855234837,0.5380371629074585,1,20,24.73017834500139,1.912142669440725,1,19,24.192141182093934,1.912142669440725,False,False,False,True,False,False,False,False,True,True,False,1.9377716818519302
2026-08-03,52.028,52.329,51.199,51.738,1146815,0.797864778834473,0.5788893703564741,0.2189754084779989,0.4232390283312051,1,21,25.153417373332598,1.912142669440725,1,20,24.73017834500139,1.912142669440725,False,False,False,True,False,False,False,False,True,True,False,1.9212838004609858
2026-08-04,51.812,51.851,50.788,51.18,871057,0.7387443675899448,0.6108603698031683,0.1278839977867765,0.24987103905192753,1,22,25.403288412384526,1.912142669440725,1,21,25.153417373332598,1.912142669440725,False,False,False,True,False,False,False,False,True,True,False,1.9005625441183127
2026-08-05,51.058,51.199,50.643,51.128,1219132,0.6798580696907948,0.6246599097806936,0.05519815991010113,0.107960725845136,1,23,25.511249138229662,1.912142669440725,1,22,25.403288412384526,1.912142669440725,False,False,False,True,False,False,False,False,True,True,False,1.8986315309824364
2026-08-06,51.062,52.995,50.207,52.891,1465840,0.7666125876365797,0.6530504453518708,0.11356214228470884,0.21470976590480204,1,24,25.725958904134465,1.912142669440725,1,23,25.511249138229662,1.912142669440725,False,False,False,True,False,False,False,False,True,True,False,1.9641003032622444
2026-08-07,53.143,55.549,53.04,55.463,657385,1.0310201149429687,0.7286443792700904,0.30237573567287834,0.5451846017577093,1,25,26.271143505892177,1.912142669440725,1,24,25.725958904134465,1.912142669440725,False,False,False,True,False,False,False,False,True,True,False,2.0596111837521294
2026-08-10,55.511,55.8,55.222,55.727,486621,1.2474873216366547,0.8324129677434033,0.4150743538932513,0.7448352753481281,1,26,27.015978781240303,1.912142669440725,1,25,26.271143505892177,1.912142669440725,False,False,False,True,False,False,False,False,True,True,False,2.0694147889035013
2026-08-11,55.639,57.689,55.591,57.058,1783456,1.5090443944407,0.9677392530828627,0.5413051413578372,0.9486928061934125,1,27,27.964671587433717,1.912142669440725,1,26,27.015978781240303,1.912142669440725,False,False,False,True,False,False,False,False,True,True,False,2.118841298208337
2026-08-12,56.773,57.322,56.138,56.393,1240039,1.6437225068149175,1.1029359038292736,0.5407866029856438,0.9589605145774189,1,28,28.923632102011137,1.912142669440725,1,27,27.964671587433717,1.912142669440725,False,False,False,True,False,False,False,False,True,True,False,2.0941466109899176
2026-08-13,56.655,56.922,53.446,53.488,555535,1.4987697742669113,1.1821026779168011,0.31666709635011014,0.5920339073252133,1,29,29.51566600933635,1.912142669440725,1,28,28.923632102011137,1.912142669440725,False,False,False,True,False,False,False,False,True,True,False,1.986269819456825
2026-08-14,53.645,53.828,52.118,52.878,1147568,1.3194618524783905,1.209574512829119,0.10988733964927144,0.207812965031339,1,30,29.72347897436769,1.912142669440725,1,29,29.51566600933635,1.912142669440725,False,False,False,True,False,False,False,False,True,True,False,1.963617549978275
2026-08-17,52.808,53.233,52.146,52.47,373298,1.131394827117262,1.1939385756867478,-0.06254374856948575,-0.11919906340668142,-1,1,0.11919906340668142,0.11919906340668142,1,30,29.72347897436769,1.912142669440725,False,True,False,True,False,True,False,True,True,True,False,1.9484665238352454
2026-08-18,52.521,52.591,50.584,51.001,1490458,0.8539702935480875,1.1259449192590156,-0.2719746257109281,-0.5332731234895945,-1,2,0.652472186896276,0.5332731234895945,-1,1,0.11919906340668142,0.11919906340668142,False,False,False,False,False,False,False,False,True,True,False,1.9493054227842326
2026-08-19,50.791,50.803,50.291,50.374,687720,0.5768659405403582,1.0161291235152843,-0.43926318297492606,-0.8720037776927105,-1,3,1.5244759645889865,0.8720037776927105,-1,2,0.652472186896276,0.5332731234895945,False,False,False,False,False,False,False,False,True,True,False,1.9493054227842326
2026-08-20,50.17,50.345,49.685,50.115,1995049,0.33252645096973765,0.879408589006175,-0.5468821380364374,-1.0912543909736354,-1,4,2.615730355562622,1.0912543909736354,-1,3,1.5244759645889865,0.8720037776927105,False,False,False,False,False,False,False,False,True,True,False,1.9493054227842326
2026-08-21,49.949,50.417,48.404,48.42,742934,0.0020892275059196663,0.703944716706124,-0.7018554892002044,-1.4495156736889805,-1,5,4.065246029251602,1.4495156736889805,-1,4,2.615730355562622,1.0912543909736354,False,False,False,False,False,False,False,False,True,True,False,1.9493054227842326
2026-08-24,48.489,48.543,46.011,46.303,1699827,-0.42570163677491735,0.47801544600991575,-0.9037170827848331,-1.9517462859530335,-1,6,6.016992315204636,1.9517462859530335,-1,5,4.065246029251602,1.4495156736889805,False,False,True,False,False,False,False,False,True,True,False,1.9493054227842326
2026-08-25,46.358,46.69,45.539,45.684,1779738,-0.805393036006059,0.2213337496067208,-1.0267267856127797,-2.2474537816583045,-1,7,8.26444609686294,2.2474537816583045,-1,6,6.016992315204636,1.9517462859530335,False,False,True,False,False,False,False,False,True,True,False,1.9493054227842326
2026-08-26,45.548,45.794,44.931,45.253,377471,-1.1280755506628637,-0.04854811044719609,-1.0795274402156676,-2.3855378432715346,-1,8,10.649983940134476,2.3855378432715346,-1,7,8.26444609686294,2.2474537816583045,False,False,True,False,False,False,False,False,True,True,False,1.9493054227842326
2026-08-27,45.386,45.757,44.463,44.84,1348423,-1.4009797937624953,-0.31903444711025597,-1.0819453466522393,-2.4129022003841194,-1,9,13.062886140518595,2.4129022003841194,-1,8,10.649983940134476,2.3855378432715346,False,False,True,False,False,False,False,False,True,True,False,1.9493054227842326
2026-08-28,44.98,46.198,44.557,45.888,757357,-1.5152269381424048,-0.5582729453166857,-0.9569539928257191,-2.085412292594402,-1,10,15.148298433112997,2.4129022003841194,-1,9,13.062886140518595,2.4129022003841194,False,False,True,False,False,False,False,False,True,True,False,1.9493054227842326
2026-08-31,45.92,48.031,45.497,47.82,331682,-1.4333496075210448,-0.7332882777575576,-0.7000613297634872,-1.4639509196225162,-1,11,16.612249352735514,2.4129022003841194,-1,10,15.148298433112997,2.4129022003841194,False,False,True,False,False,False,False,False,True,True,False,1.9493054227842326
2026-09-01,48.019,48.164,47.452,47.577,1091595,-1.372250848686413,-0.8610807919433288,-0.5111700567430841,-1.0744058194990944,-1,12,17.68665517223461,2.4129022003841194,-1,11,16.612249352735514,2.4129022003841194,False,False,True,False,False,False,False,False,True,True,False,1.9493054227842326
2026-09-02,47.522,48.493,47.193,48.493,847968,-1.2356720393580147,-0.935999041426266,-0.29967299793174873,-0.6179716617486003,-1,13,18.30462683398321,2.4129022003841194,-1,12,17.68665517223461,2.4129022003841194,False,False,True,False,False,False,False,False,True,True,False,1.9493054227842326
2026-09-03,48.471,49.82,48.131,49.614,839148,-1.0251596156465013,-0.9538311562703131,-0.07132845937618815,-0.14376679843630458,-1,14,18.448393632419513,2.4129022003841194,-1,13,18.30462683398321,2.4129022003841194,False,False,True,False,False,False,False,False,True,True,False,1.9493054227842326
2026-09-04,49.708,50.607,49.641,50.382,295240,-0.7872805416201345,-0.9205210333402775,0.13324049172014296,0.26446050518070535,1,1,0.26446050518070535,0.26446050518070535,-1,14,18.448393632419513,2.4129022003841194,True,False,True,False,True,False,True,False,True,True,False,1.9493054227842326
2026-09-07,50.375,51.691,50.199,51.373,766630,-0.5128820586465466,-0.8389932384015313,0.3261111797549847,0.6347909986860505,1,2,0.8992515038667559,0.6347909986860505,1,1,0.26446050518070535,0.26446050518070535,False,False,False,False,False,False,False,False,True,True,False,1.9879239202916998
2026-09-08,51.537,52.114,50.415,50.57,1440877,-0.3561096624860767,-0.7424165232184404,0.38630686073236375,0.7639052021601024,1,3,1.6631567060268582,0.7639052021601024,1,2,0.8992515038667559,0.6347909986860505,False,False,False,False,False,False,False,False,True,True,False,1.9568511211950104
2026-09-09,50.316,51.211,49.883,50.844,708132,-0.20736650694741598,-0.6354065199642356,0.4280400130168196,0.8418692727102896,1,4,2.5050259787371476,0.8418692727102896,1,3,1.6631567060268582,0.7639052021601024,False,False,False,False,False,False,False,False,True,True,False,1.967453794859385
2026-09-10,51.133,52.748,51.074,52.41,1724402,0.036456381374300406,-0.5010339396965284,0.5374903210708288,1.0255491720489007,1,5,3.5305751507860483,1.0255491720489007,1,4,2.5050259787371476,0.8418692727102896,False,False,False,False,False,False,False,False,True,True,False,2.0280515574813225
2026-09-11,52.246,52.904,52.24,52.455,813077,0.23065999608363086,-0.3546951525404966,0.5853551486241275,1.1159186895894149,1,6,4.646493840375463,1.1159186895894149,1,5,3.5305751507860483,1.0255491720489007,False,False,False,False,False,False,False,False,True,True,False,2.0297928724991943
2026-09-14,52.42,52.517,50.773,50.8,277643,0.2481624293050828,-0.23412363617138074,0.4822860654764636,0.9493820186544559,1,7,5.595875859029919,1.1159186895894149,1,6,4.646493840375463,1.1159186895894149,False,False,False,False,False,False,False,False,True,True,False,1.9657511757307993
2026-09-15,50.521,50.729,50.513,50.527,1663374,0.23726932223579666,-0.13984504448994528,0.37711436672574195,0.746362077158236,1,8,6.3422379361881545,1.1159186895894149,1,7,5.595875859029919,1.1159186895894149,False,False,False,False,False,False,False,False,True,True,False,1.9551871979557107
2026-09-16,50.649,51.645,50.587,51.036,1049790,0.2666349013440765,-0.058549055323140926,0.32518395666721744,0.6371658371879015,1,9,6.979403773376056,1.1159186895894149,1,8,6.3422379361881545,1.1159186895894149,False,False,False,False,False,False,False,False,True,True,False,1.9748834056023046
2026-09-17,51.296,52.06,50.486,50.667,409197,0.25716764963296157,0.004594285668079574,0.252573363964882,0.49849678087291927,1,10,7.477900554248976,1.1159186895894149,1,9,6.979403773376056,1.1159186895894149,False,False,False,False,False,False,False,False,True,True,False,1.9606046224557563
2026-09-18,50.884,51.139,49.42,49.457,564771,0.1502953851911144,0.03373450557268654,0.11656087961842787,0.2356812576954281,1,11,7.713581811944404,1.1159186895894149,1,10,7.477900554248976,1.1159186895894149,False,False,False,False,False,False,False,False,True,True,False,1.9126130131659778
